title,description,index
#1 Cheerleader Camp (2010),Comedy,1
#chicagoGirl: The Social Network Takes on a Dictator (2013),Documentary|Action|Drama,2
#Horror,"#Horror Inspired by actual events, a group of 12 year old girls face a night of horror when the compulsive addiction of an online social media game turns a moment of cyber bullying into a night of insanity. Death is trending.",3
#Horror (2015),Drama|Horror|Mystery,4
#Pellichoopulu (2016),Comedy|Drama|Romance,5
"$1,000 on the Black (1966)",Western,6
"$100,000 for Ringo (1965)",Drama|Western,7
$5 a Day (2008),Comedy|Drama,8
$50K and a Call Girl: A Love Story (2014),Action|Adventure|Comedy,9
$9.99 (2008),Animation|Drama|Fantasy,10
$ellebrity (2012),Documentary,11
"($1,971)",Comedy|Crime|Drama,12
(500) Days of Summer,"(500) Days of Summer Tom (Joseph Gordon-Levitt), greeting-card writer and hopeless romantic, is caught completely off-guard when his girlfriend, Summer (Zooey Deschanel), suddenly dumps him. He reflects on their 500 days together to try to figure out where their love affair went sour, and in doing so, Tom rediscovers his true passions in life. It was almost like falling in love.",13
(500) Days of Summer (2009),Comedy|Drama|Romance,14
(A)sexual (2011),Documentary|Comedy|Drama,15
(Absolutions) Pipilotti's Mistakes (1988),Short,16
(Dis)Honesty: The Truth About Lies (2015),Documentary|Drama|News,17
(T)ERROR (2015),Documentary,18
(Ujjobu) Kamisari n?›n?› nichij?® (2014),Comedy,19
(Untitled) (2009),Comedy|Drama|Music,20
*batteries not included (1987),Comedy|Family|Fantasy,21
... E fuori nevica! (2014),Comedy,22
...All the Marbles (1981),Comedy|Drama|Sport,23
...And God Created Woman (1956),Drama|Romance,24
...and justice for all. (1979),Crime|Drama|Thriller,25
...and the Fifth Horseman Is Fear (1965),Drama|War,26
...And the Pursuit of Happiness (1986),Documentary,27
...And the Pursuit of Happiness (1986),Documentary,28
...E tu vivrai nel terrore! L'aldil¡‘ (1981),Horror,29
...ing (2003),Romance,30
...tick... tick... tick... (1970),Drama|Action,31
.45 (2006),Crime|Drama|Thriller,32
.45 (2006),Crime|Drama|Thriller,33
.hack//Liminality Vol. 1: In the Case of Mai Minase (2002),Animation|Short|Drama,34
[Anti]killer (2002),Action|Crime,35
[REC],[REC] A television reporter and cameraman follow emergency workers into a dark apartment building and are quickly locked inside with something terrifying. One witness. One camera,36
[Rec] (2007),Horror|Mystery|Thriller,37
[Rec] (2007),Horror|Mystery|Thriller,38
[Rec] 2 (2009),Horror,39
[REC] 3: Genesis (2012),Horror|Romance,40
[REC] 4: Apocalypse (2014),Action|Horror,41
[REC]?ý,"[REC]?ý The action continues from [REC], with the medical officer and a SWAT team outfitted with video cameras are sent into the sealed off apartment to control the situation. Fear Revisited",42
+1 (2013),Sci-Fi|Thriller,43
00 Schneider - Jagd auf Nihil Baxter (1994),Comedy,44
008: Operation Exterminate (1965),Action,45
009 Re: Cyborg (2012),Animation|Action|Sci-Fi,46
009-1: The End of the Beginning (2013),Action|Crime|Drama,47
06/05 (2004),Drama|Thriller,48
08/15 (1954),Drama|War,49
1 - Nenokkadine (2014),Action|Musical|Mystery,50
1 (2013),Documentary|History|Sport,51
1 1/2 Ritter - Auf der Suche nach der hinrei??enden Herzelinde (2008),Comedy,52
1 Chance 2 Dance (2014),Drama|Family,53
1 P.M. (1971),Documentary,54
"1,000 Times Good Night (2013)",Drama|War,55
"1,000 Times More Brutal (2012)",Action|Crime,56
10 (1979),Comedy|Romance,57
10 000 timmar (2014),Comedy,58
10 Attitudes (2001),Drama,59
10 Cent Pistol (2014),Crime|Thriller,60
10 Cloverfield Lane,"10 Cloverfield Lane After a car accident, Michelle awakens to find herself in a mysterious bunker with two men named Howard and Emmett. Howard offers her a pair of crutches to help her remain mobile with her leg injury sustained from the car crash and tells her to ""get good on those"" before leaving the bunker. She has been given the information that there has been an alien attack and the outside world is poisoned. However, Howard and Emmett's intentions soon become questionable and Michelle is faced with a question: Is it better in here or out there? Monsters come in many forms.",61
10 Cloverfield Lane (2016),Drama|Horror|Mystery,62
10 Days in a Madhouse,"10 Days in a Madhouse Nellie Bly, a 23 year-old reporter for Joseph Pulitzer, goes undercover in the notorious Blackwell's Island women's insane asylum in order to expose corruption, abuse and murder. ",63
10 Items or Less (2006),Comedy|Drama,64
10 minuta (2002),Short|Drama|War,65
10 Mountains 10 Years (2010),Documentary,66
10 MPH (2007),Documentary,67
10 Questions for the Dalai Lama (2006),Documentary,68
10 Questions for the Dalai Lama (2006),Documentary,69
10 Rillington Place (1971),Biography|Crime|Drama,70
10 Rules for Sleeping Around (2013),Comedy|Romance,71
10 Things I Hate About You,"10 Things I Hate About You Bianca, a tenth grader, has never gone on a date, but she isn't allowed to go out with boys until her older sister Kat gets a boyfriend. The problem is, Kat rubs nearly everyone the wrong way. But Bianca and the guy she has her eye on, Joey, are eager, so Joey fixes Kat up with Patrick, a new kid in town just bitter enough for Kat. How do I loathe thee? Let me count the ways.",72
10 Things I Hate About You (1999),Comedy|Drama|Romance,73
10 to Midnight (1983),Crime|Drama|Thriller,74
10 Years (2011),Comedy|Drama|Romance,75
10%: What Makes a Hero? (2013),Documentary|Adventure|Biography,76
"10,000 BC (2008)",Action|Adventure|Drama,77
"10,000 BC (2008)",Action|Adventure|Drama,78
"10,000 Black Men Named George (2002)",Drama,79
"10,000 Days (2014)",Sci-Fi,80
"10,000 Dollars for a Massacre (1967)",Western,81
"10,000 Saints (2015)",Comedy|Drama|Music,82
10.0 Earthquake (2014),Action|Adventure|Drama,83
10.000 Km (2014),Comedy|Drama|Romance,84
10.5: Apocalypse,Drama|Sci-Fi|Thriller,85
10.5: Apocalypse,Drama|Sci-Fi|Thriller,86
10+10 (2011),,87
100 Bloody Acres (2012),Comedy|Horror,88
100 Days (1991),Horror|Romance|Thriller,89
100 Degrees Below Zero (2013),Action|Sci-Fi,90
100 Feet (2008),Horror|Mystery|Thriller,91
100 Ghost Street: The Return of Richard Speck (2012),Horror,92
100 Girls (2000),Comedy|Romance,93
100 gramm dlya khrabrosti (1977),Comedy,94
100 Million BC (2008),Action|Adventure|Sci-Fi,95
100 Rifles (1969),Adventure|Romance|War,96
100 Rifles (1969),Adventure|Romance|War,97
100 Ways to Murder Your Wife (1986),Comedy|Romance,98
100 Years at the Movies (1994),Documentary|Short,99
100 Years of Evil (2010),Adventure|Comedy|History,100
100 Yen: The Japanese Arcade Experience (2012),Documentary,101
100% cachemire (2013),Comedy,102
100% Love (2011),Comedy|Drama|Romance,103
1000 Journals (2007),Documentary,104
1000 to 1: The Cory Weissman Story (2014),Biography|Drama,105
1001 Gram (2014),Drama,106
101 ci qiu hun (2013),Romance,107
101 Dalmatians (1961),Animation|Adventure|Comedy,108
101 Dalmatians (1996),Adventure|Comedy|Crime,109
101 Reykjav¡_k (2000),Comedy|Romance,110
102 Dalmatians,"102 Dalmatians Get ready for a howling good time as an all new assortment of irresistible animal heroes are unleashed in this great family tail! In an unlikely alliance, the outrageous Waddlesworth... a parrot who thinks he's a Rottweiler... teams up with Oddball... an un-marked Dalmation puppy eager to earn her spots! Together they embark on a laugh-packed quest to outwit the ever-scheming Cruella De Vil Meet Two Unlikely Heroes With A Bone To Pick.",111
102 Dalmatians (2000),Adventure|Comedy|Family,112
102 Minutes That Changed America (2008),Documentary|History,113
1066: The Battle for Middle Earth,Action|History|War,114
10-eok (2009),Thriller,115
10th & Wolf,"10th & Wolf A former street tough returns to his Philadelphia home after a stint in the military. Back on his home turf, he once again finds himself tangling with the mob boss who was instrumental in his going off to be a soldier. The Intersection Where Family, Honor and Betrayal Collide.",116
10th & Wolf (2006),Crime|Drama|Thriller,117
10th & Wolf (2006),Crime|Drama|Thriller,118
11 Harrowhouse (1974),Comedy|Crime|Thriller,119
11 minut (2015),Drama|Thriller,120
11 x 14 (1977),Drama,121
11.22.63,Drama|Mystery|Sci-Fi,122
11.6 (2013),Biography|Drama|Thriller,123
11/11/11 (2011),Horror|Thriller,124
11:11 (2004),Horror|Thriller,125
11:14 (2003),Comedy|Crime|Drama,126
11:59 (2005),Mystery|Sci-Fi|Thriller,127
11-11-11 (2011),Horror|Mystery|Thriller,128
112 Weddings,Documentary|Biography,129
12 (2007),Crime|Drama|Thriller,130
12 (2007),Crime|Drama|Thriller,131
12 + 1 (1969),Adventure|Comedy,132
12 and Holding (2005),Drama,133
12 Angry Men,"12 Angry Men The defense and the prosecution have rested and the jury is filing into the jury room to decide if a young Spanish-American is guilty or innocent of murdering his father. What begins as an open and shut case soon becomes a mini-drama of each of the jurors' prejudices and preconceptions about the trial, the accused, and each other. Life is in their hands. Death is on their minds.",134
12 Angry Men (1957),Crime|Drama,135
12 Angry Men (1997),Crime|Drama,136
12 Dates of Christmas (2011),Comedy|Fantasy|Romance,137
12 Days of Terror (2004),Drama|Horror|Thriller,138
12 dicembre (1972),Documentary,139
12 Gifts of Christmas (2015),Comedy|Romance,140
12 in a Box (2007),Comedy,141
12 Meter ohne Kopf (2009),Adventure|Biography|Comedy,142
12 O'Clock Boys (2013),Documentary|Biography|Crime,143
12 Rounds,"12 Rounds When New Orleans cop Danny Fisher prevents a brilliant thief from successfully carrying out his latest heist, the thief's girlfriend is accidentally killed. Hungry for revenge, the criminal mastermind breaks out of prison and kidnaps Danny's fiancee. To save her, Danny must successfully navigate his way through an elaborate series of tasks and puzzles, or else watch the love of his life die. Survive all 12",144
12 Rounds (2009),Action|Crime|Thriller,145
12 Rounds 2: Reloaded (2013),Action|Adventure|Thriller,146
12 Rounds 3: Lockdown (2015),Action|Crime|Thriller,147
12 Storeys (1997),Comedy|Drama,148
12 stulyev,Adventure|Comedy|Mystery,149
12 Wishes of Christmas (2011),Comedy|Fantasy,150
12 Years a Slave,"12 Years a Slave In the pre-Civil War United States, Solomon Northup, a free black man from upstate New York, is abducted and sold into slavery. Facing cruelty as well as unexpected kindnesses Solomon struggles not only to stay alive, but to retain his dignity. In the twelfth year of his unforgettable odyssey, Solomonƒ??s chance meeting with a Canadian abolitionist will forever alter his life. The extraordinary true story of Solomon Northup",151
12 Years a Slave (2013),Biography|Drama|History,152
12:01 (1993),Comedy|Sci-Fi|Thriller,153
12:01 PM (1990),Sci-Fi|Short,154
12:08 East of Bucharest (2006),Comedy|Drama,155
120 (2008),Drama|History|War,156
127 Hours,127 Hours The true story of mountain climber Aron Ralston's remarkable adventure to save himself after a fallen boulder crashes on his arm and traps him in an isolated canyon in Utah. There is no force more powerful than the will to live.,157
127 Hours (2010),Adventure|Biography|Drama,158
12th & Delaware (2010),Documentary|Drama,159
13 (2010),Drama|Thriller,160
13 Cameras (2015),Drama|Horror,161
13 dies d'octubre (2015),Biography|Drama|History,162
13 Eerie (2013),Horror|Sci-Fi,163
13 Fighting Men (1960),Drama|War|Western,164
13 Frightened Girls (1963),Adventure|Comedy|Thriller,165
13 Ghosts (1960),Horror,166
13 Going on 30,"13 Going on 30 After total humiliation at her thirteenth birthday party, Jenna Rink wants to just hide until she's thirty. With a little magic, her wish is granted, but it turns out that being thirty isn't as always as awesome as she thought it would be! For some, 13 feels like it was just yesterday. For Jenna, it was.",167
13 Going on 30 (2004),Comedy|Fantasy|Romance,168
13 Hours (2016),Action|Drama|History,169
13 Hours in a Warehouse (2008),Horror|Thriller,170
13 Hours: The Secret Soldiers of Benghazi,"13 Hours: The Secret Soldiers of Benghazi An American Ambassador is killed during an attack at a U.S. compound in Libya as a security team struggles to make sense out of the chaos. When everything went wrong, six men had the courage to do what was right.",171
13 Lakes (2004),Documentary,172
13 Rue Madeleine (1946),Action|Adventure|Drama,173
13 Sins (2014),Horror|Thriller,174
13 Tzameti (2005),Crime|Drama|Thriller,175
13/13/13 (2013),Horror,176
13: Game of Death (2006),Comedy|Crime|Drama,177
13B: Fear Has a New Address (2009),Drama|Horror|Mystery,178
13th (2016),Documentary|Crime|History,179
14 Going on 30 (1988),Comedy|Family|Romance,180
1408 (2007),Fantasy|Horror,181
1492: Conquest of Paradise (1992),Adventure|Biography|Drama,182
15 (2005),Action|Drama,183
15 a?ños y un d?_a (2013),Drama,184
15 Minutes,"15 Minutes When Eastern European criminals Oleg and Emil come to New York City to pick up their share of a heist score, Oleg steals a video camera and starts filming their activities, both legal and illegal. When they learn how the American media circus can make a remorseless killer look like the victim and make them rich, they target media-savvy NYPD Homicide Detective Eddie Flemming and media-naive FDNY Fire Marshal Jordy Warsaw, the cops investigating their murder and torching of their former criminal partner, filming everything to sell to the local tabloid TV show ""Top Story."" America Likes to Watch",185
15 Minutes (2001),Action|Crime|Drama,186
15: The Movie (2003),Drama|Comedy,187
16 Acres (2012),Documentary|History|News,188
16 Blocks,"16 Blocks An aging cop is assigned the ordinary task of escorting a fast-talking witness from police custody to a courthouse, but they find themselves running the gauntlet as other forces try to prevent them from getting there. For a New York cop and his witness, the distance between life and death just got very short.",189
16 Blocks (2006),Action|Crime|Drama,190
16 to Life,16 to Life Romantic comedy. A small town teenager's angst about sexual inexperience drives a comic quest for love and understanding on a birthday to end all birthdays. ,191
16 to Life (2009),Comedy|Romance,192
16 Wishes (2010),Drama|Family|Fantasy,193
16 Years of Alcohol (2003),Crime|Drama,194
1612: Khroniki smutnogo vremeni (2007),Adventure|Drama|Fantasy,195
16-Love (2012),Comedy|Family|Romance,196
17 Again,"17 Again On the brink of a midlife crisis, 30-something Mike O'Donnell wishes he could have a ""do-over."" And that's exactly what he gets when he wakes up one morning to find he's 17 years old again. With his adult mind stuck inside the body of a teenager, Mike actually has the chance to reverse some decisions he wishes he'd never made. But maybe they weren't so bad after all. Who says you're only young once?",197
17 Again (2009),Comedy|Drama|Family,198
17 filles (2011),Drama,199
1724 gibangnandongsageon (2008),Action|Adventure|Comedy,200
1732 H¡?tten (1998),Thriller,201
1776 (1972),Drama|Family|History,202
17-sai no f??kei - Sh?®nen wa nani o mita no ka (2004),Drama,203
18 Again! (1988),Comedy|Fantasy|Romance,204
18 comidas (2010),Comedy|Drama,205
18 Fingers of Death! (2006),Action|Comedy,206
180†­ South (2010),Documentary|Drama|Sport,207
1812 God (1912),Drama|History,208
186 Dollars to Freedom (2012),Action|Drama,209
18-Year-Old Virgin (2009),Comedy,210
1900 (1976),Crime|Drama|History,211
1-900 (1994),Romance|Drama,212
1915 (2015),Drama,213
1920 (2008),Drama|Horror|Mystery,214
1920: Evil Returns (2012),Drama|Horror|Romance,215
1939: Hollywood's Greatest Year (2009),Documentary,216
1941 (1979),Action|Comedy|War,217
1942: A Love Story (1994),Romance|Action|Drama,218
1944 (2015),Drama|War,219
1968 Tunnel Rats (2008),Action|Drama|War,220
1969 (1988),Drama|War,221
1971 (2014),Documentary|History|Thriller,222
1981 (2009),Comedy|Drama|Romance,223
1984 (1956),Drama|Sci-Fi,224
1987 (2014),Biography|Comedy|Drama,225
1989 (2014),Documentary|History|Thriller,226
1990: The Bronx Warriors (1982),Action|Sci-Fi|Thriller,227
1991: The Year Punk Broke (1992),Documentary|History|Music,228
1st to Die (2003),Action|Thriller|Drama,229
2 (2007),Drama,230
2 + 2 (2012),Comedy,231
2 automnes 3 hivers (2013),Comedy,232
2 Coelhos (2012),Action|Thriller,233
2 Days in New York (2012),Comedy|Drama|Romance,234
2 Days in Paris (2007),Comedy|Drama|Romance,235
2 Days in the Valley (1996),Comedy|Crime|Thriller,236
2 Fast 2 Furious,"2 Fast 2 Furious It's a major double-cross when former police officer Brian O'Conner teams up with his ex-con buddy Roman Pearce to transport a shipment of ""dirty"" money for shady Miami-based import-export dealer Carter Verone. But the guys are actually working with undercover agent Monica Fuentes to bring Verone down. How Fast Do You Want It?",237
2 Fast 2 Furious (2003),Action|Crime|Thriller,238
2 Filhos de Francisco: A Hist?_ria de Zez?? di Camargo & Luciano (2005),Biography|Drama|History,239
2 Filhos de Francisco: A Hist?_ria de Zez?? di Camargo & Luciano (2005),Biography|Drama|History,240
2 Friends (1986),Drama,241
2 Guns,"2 Guns A DEA agent and an undercover Naval Intelligence officer who have been tasked with investigating one another find they have been set up by the mob -- the very organization the two men believe they have been stealing money from. 2 Guns, 1 Bank.",242
2 Guns (2013),Action|Comedy|Crime,243
2 Hours (2012),Short|Action|Horror,244
2 ou 3 choses que je sais d'elle (1967),Comedy|Drama,245
2 States (2014),Comedy|Drama|Romance,246
2 y??t?_ aamuun (2015),Drama|Romance,247
2:13 (2009),Mystery|Thriller,248
2:22 (2008),Crime|Drama|Thriller,249
2:37 (2006),Drama,250
20 anni (2012),Documentary,251
20 ans d'??cart (2013),Comedy|Romance,252
20 Dates,"20 Dates Myles is divorced in L.A. He wants a love life and a film career. So he decides to go on 20 dates and find true love in front of a camera, making his first feature. His patient agent, Richard, finds a $60,000 investor, the shadowy Elie. Myles starts his search, sometimes telling his date she's being filmed, sometimes not. Elie wants sex and titillation, Myles wants it ""real."" Myles regularly talks with his old film teacher, Robert McKee, who wonders if love is possible in modern life. Half-way through the 20 dates, Myles meets Elisabeth; she's everything he desires and she likes him. Can he finish the 20 dates, satisfy Elie, and complete his film without losing Elisabeth? A comedy so real you'll think it's fiction.",253
20 Dates (1998),Biography|Comedy|Romance,254
20 Feet from Stardom,"20 Feet from Stardom Backup singers live in a world that lies just beyond the spotlight. Their voices bring harmony to the biggest bands in popular music, but we've had no idea who these singers are or what lives they lead, until now. ",255
20 Ft Below: The Darkness Descending (2014),Thriller,256
20 Million Miles to Earth (1957),Fantasy|Horror|Sci-Fi,257
20 Seconds of Joy (2007),Documentary,258
20 Years After (2008),Drama|Fantasy|Sci-Fi,259
"20,000 Days on Earth (2014)",Documentary|Drama|Music,260
"20,000 Leagues Under the Sea",Adventure|Romance|Sci-Fi,261
"20,000 Leagues Under the Sea","20,000 Leagues Under the Sea A ship sent to investigate a wave of mysterious sinkings encounters the advanced submarine, the Nautilus, commanded by Captain Nemo. The mightiest motion picture of them all!",262
"20,000 Leagues Under the Sea (1916)",Action|Adventure|Sci-Fi,263
"20,000 Leagues Under the Sea (1954)",Adventure|Drama|Family,264
"20,000 Leagues Under the Sea (1997)",Adventure|Fantasy|Romance,265
"20,000 Years in Sing Sing (1932)",Crime|Drama|Film-Noir,266
200 Cartas (2013),Comedy|Romance,267
200 Cigarettes,"200 Cigarettes A collection of twentysomethings try to cope with relationships, loneliness, desire and their individual neuroses. It's 11:59 on New Years Eve... do you know where your date is?",268
200 Cigarettes (1999),Comedy|Drama|Romance,269
200 M.P.H. (2011),Action|Adventure|Drama,270
200 Motels (1971),Comedy|Fantasy|Music,271
2001 Maniacs (2005),Comedy|Horror,272
2001: A Space Odyssey,"2001: A Space Odyssey Humanity finds a mysterious object buried beneath the lunar surface and sets off to find its origins with the help of HAL 9000, the world's most advanced super computer. An epic drama of adventure and exploration",273
2001: A Space Odyssey (1968),Adventure|Sci-Fi,274
2009: Lost Memories (2002),Action|Drama|Sci-Fi,275
2010 (1984),Adventure|Mystery|Sci-Fi,276
2010: Moby Dick (2010),Action|Adventure|Thriller,277
2012 (2009),Action|Adventure|Sci-Fi,278
2012: Ice Age (2011),Action|Sci-Fi,279
2012: Supernova (2009),Action|Sci-Fi,280
2012: Time for Change (2010),Documentary|Animation|News,281
2016: Obama's America,"2016: Obama's America 2016: Obama's America takes audiences on a gripping visual journey into the heart of the worlds most powerful office to reveal the struggle of whether one man's past will redefine America over the next four years. The film examines the question, ""If Obama wins a second term, where will we be in 2016?""  Across the globe and in America, people in 2008 hungered for a leader who would unite and lift us from economic turmoil and war. True to Americas ideals, they invested their hope in a new kind of president, Barack Obama. What they didn't know is that Obama is a man with a past, and in powerful ways that past defines him--who he is, how he thinks, and where he intends to take America and the world. Immersed in exotic locales across four continents, best selling author Dinesh DSouza races against time to find answers to Obama's past and reveal where America will be in 2016. Love Him, Hate Him, You Don't Know Him",282
2016: Obama's America (2012),Documentary,283
2019: After the Fall of New York (1983),Action|Horror|Sci-Fi,284
2033 (2009),Adventure|Sci-Fi,285
2046 (2004),Drama|Romance|Sci-Fi,286
2047: Sights of Death (2014),Action|Sci-Fi|Thriller,287
2061: Un anno eccezionale (2007),Comedy,288
2081 (2009),Short|Action|Sci-Fi,289
2084: Video clip pour une r??flexion syndicale et pour le plaisir (1984),Documentary|Short,290
20th Century Boys 1: Beginning of the End (2008),Adventure|Fantasy|Mystery,291
21 & Over,"21 & Over Brilliant student Jeff Chang has the most important interview of his life tomorrow.  But today is still his birthday, what starts off as a casual celebration with friends evolves into a night of debauchery that risks to derail his life plan. Finally.",292
21 & Over (2013),Comedy,293
21 (2008),Crime|Drama|Thriller,294
21 (2008),Crime|Drama|Thriller,295
21 Grams,"21 Grams This is the story of three gentle persons: Paul Rivers an ailing mathematician lovelessly married to an English ??migr??, Christina Peck, an upper-middle-class suburban housewife, happily married and mother of two little girls, and Jack Jordan, an ex-convict who has found in his Christian faith the strength to raise a family. They will be brought together by a terrible accident that will change their lives. By the final frame, none of them will be the same as they will learn harsh truths about love, faith, courage, desire and guilt, and how chance can change our worlds irretrievably, forever. How much does life weigh?",296
21 Grams (2003),Crime|Drama|Thriller,297
21 Hours at Munich (1976),Drama|History|Sport,298
21 Jump Street,"21 Jump Street In high school, Schmidt was a dork and Jenko was the popular jock. After graduation, both of them joined the police force and ended up as partners riding bicycles in the city park. Since they are young and look like high school students, they are assigned to an undercover unit to infiltrate a drug ring that is supplying high school students synthetic drugs. They thought the streets were mean. Then they went back to high school.",299
21 Jump Street (2012),Action|Comedy|Crime,300
21 tapaa pilata avioliitto (2013),Comedy,301
21 Up (1977),Documentary|Biography,302
21 Years: Richard Linklater (2014),Documentary|Biography,303
2103: The Deadly Wake (1997),Drama|Sci-Fi|Thriller,304
21-87 (1964),Documentary|Short,305
22 Jump Street,"22 Jump Street After making their way through high school (twice), big changes are in store for officers Schmidt and Jenko when they go deep undercover at a local college. But when Jenko meets a kindred spirit on the football team, and Schmidt infiltrates the bohemian art major scene, they begin to question their partnership. Now they don't have to just crack the case - they have to figure out if they can have a mature relationship. If these two overgrown adolescents can grow from freshmen into real men, college might be the best thing that ever happened to them. They're not 21 anymore",306
22 Jump Street (2014),Action|Comedy|Crime,307
23 (1998),Thriller|Drama,308
23 Paces to Baker Street (1956),Crime|Mystery|Thriller,309
24 (2008),Action|Adventure|Crime,310
24 7: Twenty Four Seven,"24 7: Twenty Four Seven In a typical English working-class town, the juveniles have nothing more to do than hang around in gangs. One day, Alan Darcy, a highly motivated man with the same kind of youth experience, starts trying to get the young people off the street and into doing something they can believe in: Boxing. Darcy opens a boxing club, aiming to bring the rival gangs together. ",311
24 7: Twenty Four Seven (1997),Comedy|Drama|Romance,312
24 Days (2014),Drama|Thriller,313
24 Exposures (2013),Crime|Drama|Thriller,314
24 heures de la vie d'un clown (1946),Short,315
24 Hour Party People (2002),Biography|Comedy|Drama,316
24 Hours on Craigslist (2005),Documentary,317
247†­F (2011),Horror|Thriller,318
25 Watts (2001),Comedy|Drama,319
25th Hour,"25th Hour The filmed adaptation from David Benioff's novel of the same name. Set in New York, a convicted drug dealer named Monty has one day left of freedom before he is sent to prison. Anger, blame, frustration, betrayal, guilt and loneliness are themes on this last day of friends, family, parties, saying goodbye, and setting things straight. A Spike Lee joint. This life was so close to never happening.",320
25th Hour (2002),Drama,321
26 nyeon (2012),Drama|Thriller,322
27 Dresses,27 Dresses Altruistic Jane finds herself facing her worst nightmare as her younger sister announces her engagement to the man Jane secretly adores. She's about to find the perfect fit.,323
27 Dresses (2008),Comedy|Romance,324
27 Dresses (2008),Comedy|Romance,325
27 Missing Kisses (2000),Comedy|Drama|Romance,326
28 Days,"28 Days After getting into a car accident while drunk on the day of her sister's wedding, Gwen Cummings is given a choice between prison or a rehab center. She chooses rehab, but is extremely resistant to taking part in any of the treatment programs they have to offer, refusing to admit that she has an alcohol addiction. The Life of the Party... before she got a life.",327
28 Days (2000),Comedy|Drama,328
28 Days Later,"28 Days Later Twenty-eight days after a killer virus was accidentally unleashed from a British research facility, a small group of London survivors are caught in a desperate struggle to protect themselves from the infected. Carried by animals and humans, the virus turns those it infects into homicidal maniacs -- and it's absolutely impossible to contain. His fear began when he woke up alone. His terror began when he realised he wasn't.",329
28 Days Later... (2002),Drama|Horror|Sci-Fi,330
28 Hotel Rooms (2012),Drama|Romance,331
28 Up (1984),Documentary|Biography,332
28 Weeks Later,"28 Weeks Later In this chilling sequel to 28 Days Later, the inhabitants of the British Isles appear to have lost their battle against the onslaught of disease, as the deadly rage virus has killed every citizen there. Six months later, a group of Americans dare to set foot on the isles, convinced the danger has come and gone. But it soon becomes all too clear that the scourge continues to live, waiting to pounce on its next victims. When days turn to weeks... the horror returns.",333
28 Weeks Later (2007),Drama|Horror|Sci-Fi,334
29 Palms (2002),Drama|Thriller|Comedy,335
29th and Gay (2005),Comedy,336
29th Street (1991),Comedy|Drama,337
2AM: The Smiling Man (2013),Short|Horror,338
2gether (2000),Drama|Comedy|Music,339
2-Headed Shark Attack (2012),Action|Horror|Sci-Fi,340
2LDK (2003),Comedy|Drama|Horror,341
3 (2010),Comedy|Drama|Romance,342
3 A.M. (2001),Crime|Mystery|Romance,343
3 Backyards,3 Backyards The story of three people from the same suburban town during the course of one curious autumn day. ,344
3 Backyards (2010),Drama,345
3 Bad Men (1926),Romance|Western,346
3 Bad Men (1926),Romance|Western,347
3 Bahadur (2015),Animation|Adventure|Family,348
3 Blind Mice (2003),Crime|Thriller,349
3 Cheers for the Irish (1940),Comedy|Romance,350
3 coeurs (2014),Drama|Romance,351
3 Days of Normal (2012),Comedy,352
3 Days to Kill,"3 Days to Kill A dangerous international spy is determined to give up his high stakes life to finally build a closer relationship with his estranged wife and daughter. But first, he must complete one last mission - even if it means juggling the two toughest assignments yet: hunting down the world's most ruthless terrorist and looking after his teenage daughter for the first time in ten years, while his wife is out of town. ",353
3 Days to Kill (2014),Action|Drama|Thriller,354
3 Extremes II (2002),Horror|Mystery,355
3 Geezers! (2013),Comedy,356
3 Generations (2015),Drama,357
3 Godfathers (1948),Drama|Western,358
"3 hati dua dunia, satu cinta (2010)",Comedy|Romance,359
3 Holiday Tails (2011),Comedy|Family|Romance,360
3 Idiots (2009),Comedy|Drama,361
3 Little Ninjas and the Lost Treasure (1990),Action|Adventure|Comedy,362
3 Men and a Baby (1987),Comedy|Drama|Family,363
3 Men and a Little Lady (1990),Comedy|Drama|Family,364
3 Needles (2005),Drama,365
3 Nights in the Desert (2014),Drama,366
3 Ninjas (1992),Action|Comedy|Family,367
3 Ninjas Kick Back,"3 Ninjas Kick Back During a championship baseball match, the three brothers hear that their grandfather in Japan is in trouble, and head out to help him, conceding the match. When they arrive in Japan, they must use all their powers to defend him against his ancient enemy, who has returned to exact revenge. Colt, Rocky and Tum Tum are back for bigger kicks in an all new adventure",368
3 Ninjas Kick Back (1994),Family|Comedy|Action,369
3 Ninjas Knuckle Up (1995),Comedy|Action|Family,370
3 Ninjas: High Noon at Mega Mountain (1998),Action|Adventure|Comedy,371
3 notti d'amore (1964),Comedy|Drama,372
3 Ring Circus (1954),Comedy,373
3 Strikes,"3 Strikes Brian Hooks plays a character who is just released from jail. And the state adopts a ""3 strikes"" rule for felons that involves serious penalties. Hooks has 2 strikes, and wants to change his life for the better. When a friend picks him up, they are pulled over, and his friend shoots at police officers, and Hooks escapes. Now Hooks, a wanted man, must clear his name of having nothing to do with the shooting. the few, the proud, the paroled.",374
3 Strikes (2000),Comedy,375
3 T?_rken & ein Baby (2015),Comedy,376
3 Women (1977),Drama|Mystery|Thriller,377
"3, 2, 1... Frankie Go Boom (2012)",Comedy,378
3: The Dale Earnhardt Story (2004),Biography|Drama|Sport,379
3:10 to Yuma,"3:10 to Yuma In Arizona in the late 1800's, infamous outlaw Ben Wade and his vicious gang of thieves and murderers have plagued the Southern Railroad. When Wade is captured, Civil War veteran Dan Evans, struggling to survive on his drought-plagued ranch, volunteers to deliver him alive to the ""3:10 to Yuma"", a train that will take the killer to trial. Time waits for one man.",380
3:10 to Yuma (1957),Drama|Thriller|Western,381
3:10 to Yuma (2007),Adventure|Crime|Drama,382
3:15 (1986),Crime|Drama|Thriller,383
30 Beats (2012),Comedy|Romance,384
30 Days of Night,"30 Days of Night This is the story of an isolated Alaskan town that is plunged into darkness for a month each year when the sun sinks below the horizon. As the last rays of light fade, the town is attacked by a bloodthirsty gang of vampires bent on an uninterrupted orgy of destruction. Only the small town's husband-and-wife Sheriff team stand between the survivors and certain destruction. They're Coming!",385
30 Days of Night (2007),Horror|Thriller,386
30 Days of Night: Dark Days (2010),Horror|Thriller,387
30 Days Until I'm Famous (2004),Comedy|Romance,388
30 Minutes or Less,"30 Minutes or Less Two fledgling criminals kidnap a pizza delivery guy, strap a bomb to his chest, and advise him that he has mere hours to rob a bank or else... A lot can happen in 30 minutes.",389
30 Minutes or Less (2011),Action|Comedy|Crime,390
30 Nights of Paranormal Activity With the Devil Inside the Girl With the Dragon Tattoo,"30 Nights of Paranormal Activity With the Devil Inside the Girl With the Dragon Tattoo After a stint in a psychiatric hospital, a young woman returns to the house where her father killed the entire cast of The Artist during his exorcism. Based on true events... that may not have happened",391
30 Nights of Paranormal Activity with the Devil Inside the Girl with the Dragon Tattoo (2013),Comedy,392
30 Years to Life (2001),Comedy|Drama|Romance,393
300 (2006),Action|Fantasy,394
300 mil do nieba (1989),Biography|Drama,395
300: Rise of an Empire,"300: Rise of an Empire Based on Frank Miller's latest graphic novel Xerxes and told in the breathtaking visual style of the blockbuster ""300,"" this new chapter of the epic saga takes the action to a fresh battlefield--on the sea--as Greek general Themistokles attempts to unite all of Greece by leading the charge that will change the course of the war. ""300: Rise of an Empire"" pits Themistokles against the massive invading Persian forces led by mortal-turned-god Xerxes and Artemesia, the vengeful commander of the Persian navy. Seize your glory!",396
300: Rise of an Empire (2014),Action|Drama|Fantasy,397
3000 Miles to Graceland,"3000 Miles to Graceland It was an ingenious enough plan: rob the Riviera Casino's count room during an Elvis impersonator convention. But Thomas Murphy decided to keep all the money for himself and shot all his partners, including recently-freed ex-con Michael Zane. With $3.2 million at stake, the Marshals Service closing in, Michael must track down Murphy. Crime Is King.",398
3000 Miles to Graceland (2001),Action|Comedy|Crime,399
"301, 302 (1995)",Horror|Mystery|Thriller,400
3096 Tage (2013),Biography|Crime|Drama,401
31 (2016),Horror|Thriller,402
31 iyunya (1978),Fantasy|Musical|Romance,403
31 North 62 East (2009),Thriller,404
32A (2007),Drama,405
33 Postcards (2011),Drama|Music,406
33 sceny z zycia (2008),Drama,407
35 and Ticking (2011),Comedy|Romance,408
35 Shots of Rum (2008),Drama,409
35 Up (1991),Documentary|Biography,410
36 (2012),Drama,411
36 China Town (2006),Comedy|Mystery|Thriller,412
36 fillette (1988),Romance|Drama,413
36 Hours (1964),Thriller|War,414
360 (2011),Drama|Thriller,415
36th Precinct (2004),Action|Crime|Drama,416
37 (2016),Drama,417
38 popugaev (1976),Animation|Short|Family,418
388 Arletta Avenue (2011),Horror|Thriller,419
"3†_ Minutes, Ten Bullets (2015)",Documentary|Crime,420
3†­ k?_lter (2005),Drama|Romance,421
3-Day Weekend (2008),Drama|Romance,422
3faltig (2010),Comedy,423
3-Headed Shark Attack (2015),Action|Horror|Sci-Fi,424
3-Iron (2004),Crime|Drama|Romance,425
3some (2009),Drama|Romance,426
3x3 (2009),Short|Comedy|Drama,427
3x3 Eyes (1991),Animation|Fantasy|Horror,428
3x3 Eyes: Legend of the Divine Demon (1995),Animation,429
4 (2004),Drama|Mystery|Sci-Fi,430
4 Elements (2006),Documentary,431
4 for Texas (1963),Western|Comedy,432
4 Little Girls (1997),Documentary|History,433
4 Minute Mile (2014),Drama|Sport,434
"4 Months, 3 Weeks and 2 Days","4 luni, 3 sŽŸptŽŸm??ni ??i 2 zile Gabita is pregnant, abortion is strictly forbidden in Romania during the communist regime. Despite this it is common practice and Gabita wants an abortion. The movie follows her and her friend Otilia during the day she has made the appointment with Mr. Bebe to have the abortion. At what moment do we begin to live?",435
"4 Months, 3 Weeks and 2 Days (2007)",Drama,436
4 mosche di velluto grigio (1971),Crime|Horror|Mystery,437
4.3.2.1. (2010),Crime|Thriller,438
4:44 Last Day on Earth (2011),Drama|Fantasy|Sci-Fi,439
40 Days and 40 Nights,"40 Days and 40 Nights Matt Sullivan's last big relationship ended in disaster and ever since his heart's been aching and his commitment's been lacking. Then came Lent, that time of year when everybody gives something up. That's when Matt decides to go where no man's gone before and make a vow: No sex. Whatsoever. For 40 straight days. At first he has everything under control. That is until the woman of his dreams, Erica, walks into his life. Easier said than done.",440
40 Days and 40 Nights (2002),Comedy|Romance,441
40 Guns to Apache Pass (1966),Adventure|Romance|Western,442
40 Pounds of Trouble (1962),Comedy,443
400 Days (2015),Mystery|Sci-Fi|Thriller,444
404: Error Not Found (2011),Drama|Mystery|Thriller,445
41 (2012),Documentary,446
42 (2013),Biography|Drama|Sport,447
42 One Dream Rush (2010),Short|Fantasy,448
42 Up (1998),Documentary|Biography,449
42nd Street,"42nd Street A producer puts on what may be his last Broadway show, and at the last moment a chorus girl has to replace the star. ",450
42nd Street (1933),Comedy|Musical|Romance,451
44 Inch Chest (2009),Crime|Drama,452
44 Minutes: The North Hollywood Shoot-Out (2003),Action|Crime|Drama,453
44500 Max (2009),Documentary|Comedy|Drama,454
45 Years (2015),Drama|Romance,455
45365 (2009),Documentary,456
46-okunen no koi (2006),Drama|Fantasy,457
46-okunen no koi (2006),Drama|Fantasy,458
47 Meters Down (2017),Horror|Thriller,459
47 Ronin,"47 Ronin Based on the original 1941 movie from Japan, and from ancient Japanƒ??s most enduring tale, the epic 3D fantasy-adventure 47 Ronin is born.  Keanu Reeves leads the cast as Kai, an outcast who joins Oishi (Hiroyuki Sanada), the leader of the 47 outcast samurai.  Together they seek vengeance upon the treacherous overlord who killed their master and banished their kind.  To restore honor to their homeland, the warriors embark upon a quest that challenges them with a series of trials that would destroy ordinary warriors. For courage. For loyalty. For honor.",460
47 Ronin (2013),Action|Adventure|Drama,461
48 Hrs. (1982),Action|Comedy|Crime,462
48 Shades (2006),Comedy|Drama,463
49 Up (2005),Documentary|Biography,464
'49-'17 (1917),Western,465
49th Parallel (1941),Drama|War|Thriller,466
4Got10 (2015),Action|Thriller|Western,467
4-kyo-si Choo-ri-yeong-yeok (2009),Action|Crime|Drama,468
5 Against the House (1955),Crime|Drama|Film-Noir,469
5 Card Stud (1968),Mystery|Romance|Western,470
5 Centimeters Per Second (2007),Animation|Drama|Romance,471
5 Days of War,"5 Days of War An American journalist and his cameraman are caught in the combat zone during the first Russian airstrikes against Georgia. Rescuing Tatia, a young Georgian schoolteacher separated from her family during the attack, the two reporters agree to help reunite her with her family in exchange for serving as their interpreter. As the three attempt to escape to safety, they witness--and document--the devastation from the full-scale crossfire and cold-blooded murder of innocent civilians. Their only weapon is the truth.",472
5 Days of War (2011),Action|Drama|War,473
5 Dolls for an August Moon (1970),Mystery|Thriller,474
5 Fingers (1952),Drama|Film-Noir|Thriller,475
5 Flights Up (2014),Drama,476
5 Steps to Danger (1956),Crime|Drama|Romance,477
5 to 7 (2014),Comedy|Drama|Romance,478
50 Children: The Rescue Mission of Mr. And Mrs. Kraus (2013),Documentary,479
50 First Dates,"50 First Dates Henry is a player skilled at seducing women. But when this veterinarian meets Lucy, a girl with a quirky problem when it comes to total recall, he realizes it's possible to fall in love all over againƒ??and again, and again. That's because the delightful Lucy has no short-term memory, so Henry must woo her day after day until he finally sweeps her off her feet. Imagine having to win over the girl of your dreams... every friggin' day.",480
50 First Dates (2004),Comedy|Romance,481
50 to 1 (2014),Drama,482
50/50,"50/50 Inspired by a true story, a comedy centered on a 27-year-old guy who learns of his cancer diagnosis, and his subsequent struggle to beat the disease. It takes a pair to beat the odds.",483
50/50 (2011),Comedy|Drama|Romance,484
500 MPH Storm (2013),Action|Sci-Fi,485
51 (2011),Horror|Sci-Fi,486
51 Birch Street,"51 Birch Street Documentary filmmaker Doug Block had every reason to believe his parents' 54-year marriage was a good one. But when his mother dies unexpectedly and his father swiftly marries his former secretary, he discovers two parents who are far more complex and troubled than he ever imagined. 51 Birch Street is a riveting personal documentary that explores a universal human question: how much about your parents do you really want to know? Do you really want to know your parents?",487
51 Birch Street (2005),Documentary,488
51 Birch Street (2005),Documentary,489
51 Degrees North (2015),Drama|Mystery|Sci-Fi,490
5150 rue des Ormes (2009),Drama|Horror|Thriller,491
52 Pick-Up (1986),Crime|Thriller,492
52 Tuesdays (2013),Drama|Family,493
54 (1998),Drama|Music,494
54 Days (2014),Drama|Sci-Fi|Thriller,495
55 Days at Peking,"55 Days at Peking Diplomats, soldiers and other representatives of a dozen nations fend off the siege of the International Compound in Peking during the 1900 Boxer Rebellion. The disparate interests unite for survival despite competing factions, overwhelming odds, delayed relief and tacit support of the Boxers by the Empress of China and her generals. A handful of men and women held out against the frenzied hordes of bloodthirsty fanatics!",496
55 Days at Peking (1963),Action|Adventure|Drama,497
56 Up (2012),Documentary,498
5ive Girls (2006),Horror|Thriller,499
5ive Girls (2006),Horror|Thriller,500
5x2 (2004),Drama|Romance,501
6 Bullets (2012),Action|Crime|Drama,502
6 Days to Air: The Making of South Park (2011),Documentary,503
6 Desires: DH Lawrence and Sardinia (2014),Documentary|Biography|History,504
6 Month Rule (2011),Comedy,505
6 Souls (2010),Horror|Mystery|Thriller,506
6 Ways to Die (2015),Crime|Mystery|Thriller,507
6 Years (2015),Drama|Romance,508
600 kilos d'or pur (2010),Adventure,509
600 Miles (2015),Drama|Thriller,510
61* (2001),Biography|Drama|History,511
616: Paranormal Incident (2013),Horror,512
633 Squadron (1964),War|Drama,513
66 scener fra Amerika (1982),Documentary|Short,514
69 - Sixtynine (1969),Drama|Romance,515
6954 kilometri?_ kotiin (2013),Documentary|Drama,516
7 ans (2006),Drama,517
7 Aum Arivu (2011),Action|Sci-Fi|Thriller,518
7 Below (2012),Horror,519
7 Boxes (2012),Thriller,520
7 chili in 7 giorni (1986),Comedy,521
7 Chinese Brothers (2015),Comedy,522
7 Days (2010),Crime|Drama|Horror,523
7 Days in Hell (2015),Comedy|Sport,524
7 d?_as en La Habana (2012),Drama,525
7 Dwarves: The Forest Is Not Enough (2006),Comedy|Fantasy,526
7 Faces of Dr. Lao (1964),Fantasy|Mystery|Western,527
7 Khoon Maaf (2011),Drama|Mystery|Thriller,528
7 Minutes (2014),Crime|Drama|Thriller,529
7 monaci d'oro (1966),,530
7 Nights of Darkness (2011),Horror,531
7 Plus Seven (1970),Documentary|Biography,532
7 Seconds (2005),Action|Comedy|Crime,533
7 Virgins (2005),Crime|Drama,534
7 Women (1966),Drama,535
7 Zwerge (2004),Comedy|Family,536
7.2 (2014),Short|Action|Comedy,537
7/G Rainbow Colony (2004),Drama,538
700 Sundays (2014),Biography|Comedy|Drama,539
'71 (2014),Action|Drama|Thriller,540
71 Fragmente einer Chronologie des Zufalls (1994),Drama,541
711 Ocean Drive (1950),Crime|Drama|Film-Noir,542
713 prosit posadku (1962),Thriller,543
72 ga cho hak (2010),Comedy,544
72 metra (2004),Drama|Action|Thriller,545
7-beon-bang-ui seon-mul (2013),Comedy|Drama,546
7th Cavalry (1956),Western,547
7th Heaven (1927),Drama|Romance,548
8 (2008),Drama,549
8 (2010),Short|War,550
8 (2012),Drama|History,551
8 Days,"8 Days After sneaking to a party with her friends, 16-year-old Amber Stevens goes missing. Forced into the world of sex trafficking, her family and community fight to get her back. Inspired by actual events. She never knew it could happen to her...",552
8 femmes (2002),Comedy|Crime|Musical,553
8 Heads in a Duffel Bag,"8 Heads in a Duffel Bag Mafia hitman Tommy Spinelli (Joe Pesci) is flying to San Diego with a bag that holds eight severed heads, which he's bringing to his superiors to prove that some troublesome rival mobsters are permanently out of the picture. When his bag gets accidentally switched at the airport, Tommy must track down his duffel bag and the 8 heads it contains. A mindless comedy.",554
8 Heads in a Duffel Bag (1997),Comedy|Crime,555
8 Mile,"8 Mile The setting is Detroit in 1995. The city is divided by 8 Mile, a road that splits the town in half along racial lines. A young white rapper, Jimmy ""B-Rabbit"" Smith Jr. summons strength within himself to cross over these arbitrary boundaries to fulfill his dream of success in hip hop. With his pal Future and the three one third in place, all he has to do is not choke. Every moment is another chance.",556
8 Mile (2002),Drama|Music,557
8 Million Ways to Die (1986),Action|Adventure|Crime,558
8 Minutes Idle (2012),Comedy,559
8 ?_ Women (1999),Comedy|Drama,560
8 p?_iv?_?_ ensi-iltaan (2008),Comedy|Romance,561
8 Seconds (1994),Biography|Drama|Sport,562
8 Uhr 28 (2010),Drama|Romance|Thriller,563
8 Women,"8 femmes Eight women gather to celebrate Christmas in a snowbound cottage, only to find the family patriarch dead with a knife in his back. Trapped in the house, every woman becomes a suspect, each having her own motive and secret. Living in a house full of women can be murder.",564
8 x 10 Tasveer (2009),Crime|Drama|Mystery,565
8: The Mormon Proposition,"8: The Mormon Proposition Filmmaker and ex-Church of Jesus Christ of Latter-day Saints member Reed Cowan examines that church's nationwide efforts to prevent the legalization of gay marriage - including California's Proposition 8, which was passed by voters in 2008. Confidential church documents, statements by high-ranking church officials and other sources detail 30 years of efforts to turn back gay rights, particularly by the Mormon-sponsored National Organization for Marriage. Equality for some.",566
8: The Mormon Proposition (2010),Documentary,567
8:46 (2011),Drama,568
80 Millions (2011),Action|Drama|History,569
80 Minutes (2008),Action|Crime|Thriller,570
800 balas (2002),Action|Comedy|Drama,571
8213: Gacy House (2010),Horror,572
84 Charing Cross Road (1987),Biography|Drama|Romance,573
88 (2015),Action|Thriller,574
88 Minutes,"88 Minutes ""88 Minutes"" focuses on a college professor (Pacino) who moonlights as a forensic psychiatrist for the FBI and receives a death threat claiming he has only 88 minutes to live. He has 88 minutes to solve a murder. His own.",575
88 Minutes (2007),Crime|Drama|Mystery,576
8MM,"8MM A small, seemingly innocuous plastic reel of film leads surveillance specialist Tom Welles down an increasingly dark and frightening path. With the help of the streetwise Max, he relentlessly follows a bizarre trail of evidence to determine the fate of a complete stranger. As his work turns into obsession, he drifts farther and farther away from his wife, family and simple life as a small-town PI. You can't prepare for where the truth will take you.",577
8MM (1999),Mystery|Thriller,578
8MM 2 (2005),Drama|Mystery|Thriller,579
8?_ (1963),Drama|Fantasy,580
8-pallo (2013),Crime|Drama,581
8th Wonderland (2008),Drama|Thriller,582
9 (2005),Animation|Short|Fantasy,583
9 (2009),Animation|Action|Adventure,584
9 Dead Gay Guys (2002),Comedy|Crime,585
9 mois ferme (2013),Comedy,586
9 Muses of Star Empire (2012),Documentary|Music,587
9 Songs (2004),Drama|Music|Romance,588
9 to 5 (1980),Comedy,589
9 to 5: Days in Porn (2008),Documentary,590
9. april (2015),Drama|War,591
9.79*,Documentary|Biography|Sport,592
9/11 (2002),Documentary,593
9/11: The Falling Man (2006),Documentary,594
90 Minutes in Heaven,"90 Minutes in Heaven A man involved in a horrific car crash is pronounced dead, only to come back to life an hour and a half later, claiming to have seen Heaven. Hope lives",595
90 Minutes in Heaven (2015),Drama,596
90 minutter (2012),Drama,597
911: In Plane Site (2004),Documentary,598
95 Miles to Go (2004),Documentary|Comedy,599
9500 Liberty (2009),Documentary,600
95ers: Echoes (2013),Sci-Fi|Thriller,601
96 Minutes (2011),Drama|Thriller,602
964 Pinocchio (1991),Horror|Sci-Fi,603
97 Percent True (2008),Documentary,604
976-EVIL (1988),Comedy|Horror,605
976-Evil II (1991),Horror,606
984: Prisoner of the Future (1982),Sci-Fi,607
99 (2009),Comedy|Crime|Drama,608
99 and 44/100% Dead (1974),Action|Adventure|Comedy,609
99 francs (2007),Comedy|Drama,610
99 francs (2007),Comedy|Drama,611
99 Homes (2014),Drama,612
99 River Street (1953),Action|Crime|Drama,613
9-Man (2014),Documentary|History|Sport,614
9?_ Weeks (1986),Drama|Romance,615
9th Company (2005),Action|Drama|History,616
A 2nd Chance (2011),Drama|Family,617
A Alma do Osso (2004),Documentary,618
A Bag of Hammers (2011),Comedy|Drama,619
A Ballerina's Tale (2015),Documentary,620
A Band Called Death (2012),Documentary|Biography|Music,621
A Bay of Blood (1971),Horror|Mystery|Thriller,622
A Beast at Bay (1912),Short|Drama,623
A Beautiful Life (2008),Drama,624
A Beautiful Mind,"A Beautiful Mind At Princeton University, John Nash struggles to make a worthwhile contribution to serve as his legacy to the world of mathematics. He finally makes a revolutionary breakthrough that will eventually earn him the Nobel Prize. After graduate school he turns to teaching, becoming romantically involved with his student Alicia. Meanwhile the government asks his help with breaking Soviet codes, which soon gets him involved in a terrifying conspiracy plot. Nash grows more and more paranoid until a discovery that turns his entire world upside down. Now it is only with Alicia's help that he will be able to recover his mental strength and regain his status as the great mathematician we know him as today.. I need to believe that something extra ordinary is possible...",625
A Beautiful Mind (2001),Biography|Drama,626
A Beautiful Planet (2016),Documentary,627
A Beginner's Guide to Endings (2010),Comedy|Drama,628
A Beginner's Guide to Snuff,"A Beginner's Guide to Snuff Two brothers, desperate to break into the world of television and film, decide to enter a horror movie contest. And what could be more horrifying than the elusive snuff film? ",629
A Bell for Adano (1945),Drama|War,630
A Better Life,A Better Life A gardener in East L.A. struggles to keep his son away from gangs and immigration agents while traveling across town to perform landscaping work for the city's wealthy landowners. Every father wants more for his son.,631
A Better Life (2011),Drama|Romance,632
A Better Place (1997),Drama,633
A Better Tomorrow (1986),Action|Crime|Drama,634
A Better Tomorrow (2010),Action|Drama,635
A Better Tomorrow II (1987),Action|Crime|Drama,636
A Better Tomorrow III: Love and Death in Saigon (1989),Action|War,637
A Better Way to Die (2000),Action|Comedy|Crime,638
A Big Hand for the Little Lady (1966),Western,639
A Big Love Story (2012),Comedy|Romance,640
A Bigger Splash (2015),Drama|Thriller,641
A Bird of the Air (2011),Drama|Romance,642
A Birder's Guide to Everything (2013),Comedy,643
A Bit of Bad Luck (2014),Comedy|Drama|Thriller,644
A Bittersweet Life (2005),Action|Crime|Drama,645
A Black Ribbon for Deborah (1974),Drama|Horror|Mystery,646
A Blank on the Map (1971),Documentary,647
A Blast (2014),Drama|Thriller,648
A Blueprint for Murder (1953),Crime|Drama|Film-Noir,649
A Body to Die For: The Aaron Henry Story,Drama|Family|Sport,650
A Boy and His Dog (1975),Comedy|Drama|Sci-Fi,651
A Boy Called Hate (1995),Crime|Drama|Romance,652
A Boy Named Charlie Brown (1969),Animation|Comedy|Drama,653
A Brave Heart: The Lizzie Velasquez Story (2015),Documentary|Biography|Family,654
A Breed Apart (1984),Drama|Action,655
A Bride for Christmas (2012),Comedy|Romance,656
A Bridge Too Far,A Bridge Too Far Tells the story of operation Market Garden. A failed attempt by the allies in the latter stages of WWII to end the war quickly by securing three bridges in Holland allowing access over the Rhine into Germany. A combination of poor allied intelligence and the presence of two crack German panzer divisions meant that the final part of this operation (the bridge in Arnhem over the Rhine) was doomed to failure. Out of the sky comes the screen's most incredible spectacle of men and war!,657
A Bridge Too Far (1977),Drama|History|War,658
A Brief History of Time (1991),Documentary|Biography,659
A Brief Vacation (1973),Drama|Romance,660
A Bright Shining Lie (1998),Drama|War,661
A Brilliant Young Mind (2014),Drama,662
A Bronx Tale (1993),Crime|Drama,663
A Brony Tale (2014),Documentary,664
A Brooklyn State of Mind (1998),Action|Crime|Drama,665
A Brother's Kiss (1997),Drama,666
A Bucket of Blood (1959),Comedy|Crime|Horror,667
A Bucket of Blood (1995),Comedy|Horror|Thriller,668
A Bug's Life,"A Bug's Life On behalf of ""oppressed bugs everywhere,"" an inventive ant named Flik hires a troupe of warrior bugs to defend his bustling colony from a horde of freeloading grasshoppers led by the evil-minded Hopper. An epic presentation of miniature proportions.",669
A Bug's Life (1998),Animation|Adventure|Comedy,670
A Bullet for a Stranger (1971),Western|Comedy,671
A Bullet for Joey (1955),Crime|Drama|Film-Noir,672
A Bullet for Sandoval (1969),Western,673
A Bullet for the General (1967),Western,674
A Bunch of Amateurs (2008),Comedy,675
A Bunny's Tale (1985),Biography|Comedy|Drama,676
A Burning Hot Summer (2011),Drama,677
A Cab for Three (2001),Crime|Drama|Thriller,678
A Cadaver Christmas (2011),Comedy|Horror,679
A Call Girl (2009),Drama,680
A Can???œo de Lisboa (1933),Comedy|Musical,681
A Canterbury Tale (1944),Comedy|Drama|Mystery,682
A Carol for Another Christmas (1964),Drama|Fantasy|War,683
A Case of You (2013),Comedy|Romance,684
A Century of Cinema (1994),Documentary,685
A Certain Kind of Death (2003),Documentary,686
A Chairy Tale (1957),Animation|Short|Comedy,687
A Charlie Brown Christmas,"A Charlie Brown Christmas When Charlie Brown complains about the overwhelming materialism that he sees amongst everyone during the Christmas season, Lucy suggests that he become director of the school Christmas pageant. Charlie Brown accepts, but is a frustrating struggle. When an attempt to restore the proper spirit with a forlorn little fir Christmas tree fails, he needs Linus' help to learn the meaning of Christmas. That's what Christmas is all about, Charlie Brown!",688
A Charlie Brown Christmas (1965),Animation|Short|Comedy,689
A Child Is Waiting (1963),Drama,690
A Child's Christmas in Wales (1987),Family|Drama,691
A Chinese Ghost Story II (1990),Action|Comedy|Fantasy,692
A Chorus Line (1985),Drama|Music|Musical,693
A Christmas Carol,Adventure|Drama|Family,694
A Christmas Carol,"A Christmas Carol Miser Ebenezer Scrooge is awakened on Christmas Eve by spirits who reveal to him his own miserable existence, what opportunities he wasted in his youth, his current cruelties, and the dire fate that awaits him if he does not change his ways. Scrooge is faced with his own story of growing bitterness and meanness, and must decide what his own future will hold: death or redemption. Season's Greedings",695
A Christmas Carol (1938),Drama|Family|Fantasy,696
A Christmas Carol (1951),Drama|Fantasy,697
A Christmas Carol (1977),Drama|Fantasy,698
A Christmas Carol (1984),Drama|Family|Fantasy,699
A Christmas Carol (1997),Animation|Drama|Fantasy,700
A Christmas Carol (1999),Drama|Fantasy,701
A Christmas Carol (2009),Animation|Drama|Family,702
A Christmas Carol: The Musical (2004),Drama|Fantasy|Musical,703
A Christmas Detour (2015),Comedy|Romance,704
A Christmas Horror Story (2015),Fantasy|Horror|Mystery,705
A Christmas Kiss (2011),Comedy|Romance,706
A Christmas Kiss II (2014),Comedy|Romance,707
A Christmas Melody (2015),Comedy|Music,708
A Christmas Memory (1997),Drama|Family,709
A Christmas Story,"A Christmas Story The comic mishaps and adventures of a young boy named Ralph, trying to convince his parents, teachers, and Santa that a Red Ryder B.B. gun really is the perfect Christmas gift for the 1940s. Peace, Harmony, Comfort and Joy... Maybe Next Year.",710
A Christmas Story (1983),Comedy|Family,711
A Christmas Story 2 (2012),Comedy|Family,712
A Christmas Tale (2008),Comedy|Drama,713
A Chump at Oxford (1940),Comedy,714
A Cinderella Story,"A Cinderella Story Sam Montgomery is a tomboyish, unpopular girl at school. She has been text messaging a somebody named Nomad for a few months and he asks her to meet him at the Halloween dance at 11:00 in the middle of the dance floor. The only problem is, she must get back to the diner, ran by her wicked Stepmom Fiona by 12 sharp because she is not supposed to be there. Before Nomad can found out who she is, she must leave with her best friend, Carter driving her back to the diner. After that night, everything in Sam's life goes wacko! Once upon a time... can happen any time.",715
A Cinderella Story (2004),Comedy|Family|Romance,716
A Cinderella Story: If the Shoe Fits (2016),Family|Fantasy,717
A Cinderella Story: Once Upon a Song (2011),Comedy|Family|Music,718
A Civil Action,"A Civil Action Jan Schlickmann is a cynical lawyer who goes out to ""get rid of"" a case, only to find out it is potentially worth millions. The case becomes his obsession, to the extent that he is willing to give up everything - including his career and his clients' goals, in order to continue the case against all odds. Justice has its price.",719
A Civil Action (1998),Drama,720
A Claymation Christmas Celebration (1987),Animation|Short|Family,721
A Clockwork Orange (1971),Crime|Drama|Sci-Fi,722
A Close Shave (1995),Animation|Short|Comedy,723
A Cock and Bull Story,"A Cock and Bull Story Steve Coogan, an arrogant actor with low self-esteem and a complicated love life, is playing the eponymous role in an adaptation of ""The Life and Opinions of Tristram Shandy, Gentleman"" being filmed at a stately home. He constantly spars with actor Rob Brydon, who is playing Uncle Toby and believes his role to be of equal importance to Coogan's. Because everyone loves an accurate period piece.",724
A Coffee in Berlin (2012),Comedy|Drama,725
A Colbert Christmas: The Greatest Gift of All! (2008),Comedy,726
A Colder Kind of Death (2001),Crime|Drama|Mystery,727
A Com??dia de Deus (1995),Comedy|Drama,728
A Coming-Out Party (1961),Comedy,729
A Common Man (2013),Action|Thriller,730
A Complete History of My Sexual Failures (2008),Documentary|Comedy,731
A Complete History of My Sexual Failures (2008),Documentary|Comedy,732
A Connecticut Yankee in King Arthur's Court (1989),Adventure|Comedy|Family,733
A Conversation with Gregory Peck,Documentary|Biography,734
A Cookie Cutter Christmas (2014),Comedy|Romance,735
"A Cool, Dry Place (1998)",Drama,736
A Cosmic Christmas (1977),Animation|Short|Sci-Fi,737
A Countess from Hong Kong (1967),Comedy|Romance,738
A Country Wedding (2015),Drama|Romance,739
A Crack in the Floor (2001),Horror,740
A Cross the Universe (2008),Documentary|Music,741
A Cruel Romance (1984),Drama|Romance,742
A Crush on You (2011),Comedy,743
A Cry in the Dark (1988),Drama,744
A Cry in the Night (1956),Crime|Drama|Film-Noir,745
A Cry in the Wilderness (1974),Thriller,746
A Damsel in Distress (1937),Comedy|Musical|Romance,747
A Dancer's Life (1972),Documentary,748
A Dandy in Aspic (1968),Drama|Thriller,749
A Dangerous Man (2009),Action|Crime|Thriller,750
A Dangerous Method,"A Dangerous Method Seduced by the challenge of an impossible case, the driven Dr. Carl Jung takes the unbalanced yet beautiful Sabina Spielrein as his patient. Jungƒ??s weapon is the method of his master, the renowned Sigmund Freud. Both men fall under Sabinaƒ??s spell. Why deny what you desire the most.",751
A Dangerous Method (2011),Biography|Drama|Romance,752
A Dangerous Place (2012),Thriller,753
A Dangerous Profession (1949),Crime|Drama|Film-Noir,754
A Dangerous Woman (1993),Drama|Romance,755
A Dark Truth (2012),Action|Thriller,756
A Date with Judy (1948),Comedy|Musical|Romance,757
A Date with the Falcon (1942),Crime|Drama|Mystery,758
A Daughter of Destiny (1928),Drama|Fantasy|Horror,759
A Daughter's Nightmare (2014),Drama|Mystery|Thriller,760
A Day at the Races (1937),Comedy|Musical|Sport,761
A Day in the Country (1936),Short|Comedy|Drama,762
A Day in the Life (2009),Action|Crime|Drama,763
A Day Without a Mexican (2004),Comedy|Drama|Fantasy,764
A Day's Pleasure (1919),Short|Comedy,765
A Dead Calling (2006),Horror,766
A Deadly Adoption (2015),Drama|Thriller,767
A Deadly Game (1979),Thriller,768
A Deal Is a Deal (2008),Comedy|Drama,769
A Decade Under the Influence (2003),Documentary,770
A Deeper Shade of Blue (2011),Documentary|History,771
A Delicate Balance (1973),Drama,772
A Demon in My View (1991),Horror|Thriller,773
A Dennis the Menace Christmas (2007),Comedy|Family|Fantasy,774
A Diary for Timothy (1945),Short|Documentary,775
A Dirty Shame (2004),Comedy,776
A Dispatch from Reuter's (1940),Biography|Drama,777
A Diva's Christmas Carol (2000),Comedy|Musical|Fantasy,778
A Dog Of Flanders,"A Dog Of Flanders Poor but happy, young Nello and his grandfather live alone, delivering milk as a livelihood, in the outskirts of Antwerp, a city in Flanders (the Flemish or Dutch-speaking part of modern-day Belgium). They discover a beaten dog (a Bouvier, a large sturdy dog native to Flanders) and adopt it and nurse it back to health, naming it Patrasche, the middle name of Nello's mother Mary, who died when Nello was very young. Nello's mother was a talented artist, and like his mother, he delights in drawing, and his friend Aloise is his model and greatest fan and supporter. ",779
A Dog of Flanders (1999),Family|Drama,780
A Dog Year (2009),Comedy|Drama,781
A Dog's Breakfast,"A Dog's Breakfast If you've never been good at anything in your life, why would murder be any different? Patrick (David Hewlett) has always had a somewhat combative relationship with his little sister Marilyn (Kate Hewlett), but when she brings home her new sci-fi soap star fianc?? Ryan (Paul McGillion), it's all out war. When Patrick fails to drive a wedge between the happy couple, he reaches for sharper instruments. Man's best friend makes the worst accomplice.",782
A Dog's Breakfast (2007),Comedy,783
A Dog's Life (1918),Short|Comedy|Drama,784
A Doll's House (1973),Drama,785
A doppia faccia (1969),Thriller,786
A Double Life (1947),Crime|Drama|Film-Noir,787
A Dragon Arrives! (2016),Adventure|Horror|Mystery,788
A Dream of Kings (1969),Drama,789
A Drummer's Dream (2010),Documentary,790
A Dry White Season (1989),Drama|Thriller,791
A escondidas (2014),Drama|Romance,792
A Face in the Crowd (1957),Drama|Music,793
A Fairly Odd Christmas (2012),Animation|Comedy|Family,794
"A Fairly Odd Movie: Grow Up, Timmy Turner! (2011)",Animation|Comedy|Family,795
A Family Affair (1937),Comedy,796
A Family Thing (1996),Comedy|Drama,797
A Fantastic Fear of Everything (2012),Comedy,798
A Far Off Place (1993),Adventure|Drama|Family,799
A Fare to Remember (1999),,800
A Farewell to Arms,"A Farewell to Arms British nurse Catherine Barkley (Helen Hayes) and American Lieutenant Frederic Henry (Gary Cooper) fall in love during the First World War in Italy. Eventually separated by Frederic's transfer, tremendous challenges and difficult decisions face each, as the war rages on. Academy Awards winner for Best Cinematography and for Best Sound, Recording. Nominated for Best Picture and for Best Art Direction. Every woman who has loved will understand",801
A Farewell to Arms (1932),Drama|Romance|War,802
A Farewell to Arms (1957),Drama|Romance|War,803
A Faster Horse (2015),Documentary,804
A Feast at Midnight (1994),Comedy|Drama|Family,805
A Febre do Rato (2011),Drama,806
A Fever in the Blood (1961),Drama,807
A Few Best Men (2011),Comedy|Romance,808
A Few Dollars for Django (1966),Crime|Western,809
A Few Good Men,"A Few Good Men When cocky military lawyer Lt. Daniel Kaffee and his co-counsel, Lt. Cmdr. JoAnne Galloway, are assigned to a murder case, they uncover a hazing ritual that could implicate high-ranking officials such as shady Col. Nathan Jessep. ",810
A Few Good Men (1992),Drama|Thriller,811
A Field Full of Secrets (2014),Documentary,812
A Field in England (2013),Drama|History|Horror,813
A Fierce Green Fire (2012),Documentary,814
A Fighting Man (2014),Drama|Sport,815
A Film Unfinished (2010),Documentary|Drama|History,816
A Film with Me in It (2008),Comedy|Thriller,817
A Fine Madness (1966),Comedy|Drama|Romance,818
A Fine Mess (1986),Action|Comedy|Crime,819
A Fine Pair (1968),Adventure|Comedy|Crime,820
A Fine Step,"A Fine Step A Fine Step is an uplifting family drama centering on Cal Masterson (Luke Perry, Beverly Hills 90210) an award winning horseman whose relationship with his beloved horse Fandango allows him to achieve multiple championship wins. However tragedy strikes when Cal and Fandango are involved in a serious accident, ending Cal's horse riding days forever. Cal's devastation is slowly overcome when his new neighbour, 14 year old Claire Mason (Anna Claire Sneed, Glee) takes an interest in Fandango and convinces him that Fandango's competing days might not be over. Together they learnt to dream again",821
A Fish Called Wanda (1988),Comedy|Crime,822
A Fish in the Bathtub (1999),Comedy,823
A Fish Tale (2000),Animation|Adventure|Comedy,824
A Fistful of Dollars,"Per un pugno di dollari The Man With No Name enters the Mexican village of San Miguel in the midst of a power struggle among the three Rojo brothers and sheriff John Baxter. When a regiment of Mexican soldiers bearing gold intended to pay for new weapons is waylaid by the Rojo brothers, the stranger inserts himself into the middle of the long-simmering battle, selling false information to both sides for his own benefit. In his own way he is perhaps, the most dangerous man who ever lived!",825
A Fistful of Dollars (1964),Western,826
A Fistful of Fingers (1995),Comedy|Western,827
A Flea in Her Ear (1968),Comedy,828
A Flintstones Christmas Carol (1994),Animation|Comedy|Family,829
A Follower for Emily,Comedy|Drama,830
A Fool There Was (1915),Drama,831
A Force of One (1979),Action|Crime|Drama,832
A Foreign Affair (1948),Comedy|Drama|Romance,833
A Foreign Affair (2003),Comedy|Drama|Romance,834
A Forgotten Tune for the Flute (1987),Comedy|Drama|Romance,835
A Fork in the Road (2009),Comedy|Crime,836
"A Fragile Trust: Plagiarism, Power, and Jayson Blair at the New York Times (2013)",Documentary|Biography|News,837
A Free Soul (1931),Crime|Drama|Romance,838
A French Gigolo (2008),Drama|Romance,839
A Friend of the Deceased (1997),Comedy|Drama,840
A Funny Thing Happened on the Way to the Forum,A Funny Thing Happened on the Way to the Forum A wily slave must unite a virgin courtesan and his young smitten master to earn his freedom. Something for Everyone!,841
A Funny Thing Happened on the Way to the Forum (1966),Comedy|Musical,842
A Garfield Christmas Special (1987),Animation|Short|Comedy,843
A Gathering of Eagles (1963),Drama|Romance|War,844
A Gathering of Old Men (1987),Drama,845
"A Genius, Two Friends, and an Idiot (1975)",Comedy|Western,846
A Gentle Spirit (1985),Short|Animation,847
A Gentleman's Game (2002),Drama|Sport,848
A Get2Gether (2005),Comedy,849
A Gift of Miracles (2015),Drama,850
A Gift Wrapped Christmas (2015),Comedy|Drama|Family,851
A Girl in Every Port (1928),Action|Adventure|Comedy,852
A Girl in Every Port (1952),Comedy,853
A Girl in the River: The Price of Forgiveness (2015),Documentary|Short,854
A Girl Like Her (2015),Drama,855
A Girl Walks Home Alone at Night (2014),Drama|Fantasy|Horror,856
A Glimpse Inside the Mind of Charles Swan III (2012),Comedy,857
A Golden Christmas (2009),Comedy|Family|Romance,858
A Golden Christmas 3 (2012),Comedy|Family|Romance,859
A golpes (2005),Drama,860
A Good American (2015),Documentary|Biography|History,861
A Good Day to Die Hard,"A Good Day to Die Hard Iconoclastic, take-no-prisoners cop John McClane, finds himself for the first time on foreign soil after traveling to Moscow to help his wayward son Jack - unaware that Jack is really a highly-trained CIA operative out to stop a nuclear weapons heist. With the Russian underworld in pursuit, and battling a countdown to war, the two McClanes discover that their opposing methods make them unstoppable heroes. Yippee Ki-Yay Mother Russia",862
A Good Day to Die Hard (2013),Action|Thriller,863
A Good Job: Stories of the FDNY (2014),Documentary,864
A Good Man (2014),Action|Crime|Thriller,865
A Good Man in Africa (1994),Comedy,866
A Good Marriage (1982),Comedy|Drama|Romance,867
A Good Marriage (2014),Drama|Thriller,868
A Good Night to Die (2003),Action|Comedy|Thriller,869
A Good Old Fashioned Orgy (2011),Comedy|Romance,870
A Good Woman (2004),Drama|Comedy|Romance,871
A Good Year,"A Good Year Failed London banker Max Skinner inherits his uncle's vineyard in Provence, where he spent many childhood holidays. Upon his arrival, he meets a woman from California who tells Max she is his long-lost cousin and that the property is hers. Everything matures... eventually.",872
A Good Year (2006),Comedy|Drama|Romance,873
A Goofy Movie (1995),Animation|Adventure|Comedy,874
A Grand Day Out (1989),Animation|Short|Adventure,875
A Grandpa for Christmas (2007),Comedy|Drama,876
A Great Day in Harlem (1994),Documentary|Music,877
A Greater Promise (1936),Drama,878
A Grin Without A Cat (1977),Documentary,879
A Guide for the Married Man (1967),Comedy|Romance,880
A Guide to Recognizing Your Saints (2006),Crime|Drama,881
A Gun for Jennifer (1997),Crime|Drama|Thriller,882
A Guy Named Joe,"A Guy Named Joe Pete Sandidge (Tracy), a daredevil bomber pilot, dies when he crashes his plane into a German aircraft carrier, leaving his devoted girlfriend, Dorinda (Irene Dunne), who is also a pilot, heartbroken. In heaven, Pete receives a new assignment: he is to become the guardian angel for Ted Randall (Van Johnson), a young Army flyer. Invisibly, Pete guides Ted through flight school and into combat, but the ectoplasmic mentor's tolerance is tested when Ted falls for Dorinda. Ultimately, however, Pete not only comes to terms with their relationship but also acts as Dorinda's copilot when she undertakes a dangerous bombing raid, so that Ted won't have to. Remade by Steven Speilberg in 1989 as ALWAYS A GUY - A GAL - A PAL - It's Swell!",883
A Guy Named Joe (1943),Drama|Romance|War,884
A Guy Thing,"A Guy Thing Paul Morse is a good guy. When his friends throw him a wild bachelor party, he just wants to keep his conscience clean -- which is why he's shocked when he wakes up in bed with a beautiful girl named Becky and can't remember the night before. Desperate to keep his fianc??e, Karen, from finding out what may or may not be the truth, he tells her a teensy lie. Soon his lies are spiraling out of control and his life is a series of comical misunderstandings. Boy meets girl. Boy meets girl's cousin.",885
A Guy Thing (2003),Comedy|Romance,886
A Hand of Peace: Pope Pius XII and the Holocaust (2008),Documentary,887
A Hand Shake (1892),Short,888
A Handful of Dust (1988),Drama|Romance,889
A Hard Day's Night,"A Hard Day's Night Capturing John Lennon, Paul McCartney, George Harrison and Ringo Starr in their electrifying element, 'A Hard Day's Night' is a wildly irreverent journey through this pastiche of a day in the life of The Beatles during 1964. The band have to use all their guile and wit to avoid the pursuing fans and press to reach their scheduled television performance, in spite of Paul's troublemaking grandfather and Ringo's arrest. The Beatles, starring in their first full-length, hilarious, action-packed film!",890
A Hard Day's Night (1964),Comedy|Music|Musical,891
A Hatful of Rain (1957),Drama,892
A Haunted House,"A Haunted House A spoof of all the ""found-footage/documentary style"" films released in recent years. This $*%! ain't paranormal.",893
A Haunted House (2013),Comedy|Fantasy,894
A Haunted House 2,"A Haunted House 2 Having exorcised the demons of his ex, Malcolm is starting fresh with his new girlfriend and her two children. After moving into their dream home, however, Malcolm is once again plagued by bizarre paranormal events. It'll scare the #2 out of you.",895
A Haunted House 2 (2014),Comedy|Fantasy,896
A Haunting at Silver Falls (2013),Horror|Thriller,897
A Heartland Christmas (2010),Family,898
A Hell of a Day (2001),Comedy|Drama,899
A High Wind in Jamaica (1965),Adventure|Drama,900
A History of Violence,A History of Violence An average family is thrust into the spotlight after the father commits a seemingly self-defense murder at his diner. Tom Stall had the perfect life... until he became a hero.,901
A History of Violence (2005),Crime|Drama|Thriller,902
A Hole in My Heart (2004),Drama,903
A Hole in the Head (1959),Comedy,904
A Hole in the Head (1998),Documentary,905
A Hologram for the King (2016),Comedy|Drama,906
A Home at the End of the World,"A Home at the End of the World Three friends form a bond over the year, Johnathan is gay, Clare is straight and Bobby is neither, instead he loves the people he loves. As their lives go on there is tension and tears which culminate in a strong yet fragile friendship between the three. Family can be whatever you want it to be.",907
A Home at the End of the World (2004),Drama|Romance,908
A Home of Our Own (1993),Biography|Drama,909
A Horrible Way to Die (2010),Drama|Horror|Thriller,910
A Horse for Danny (1995),Drama|Family,911
A Horse for Summer (2015),Drama|Family,912
A Hot Dog Program (1999),Documentary,913
A House in the Hills (1993),Romance|Thriller,914
A House of Secrets: Exploring 'Dragonwyck' (2008),Documentary|Short,915
A Huey P. Newton Story (2001),Documentary|Biography,916
A Hungarian Fairy Tale (1987),Fantasy,917
A Is for Autism (1992),Documentary|Animation|Short,918
A Jitney Elopement (1915),Short|Comedy,919
A Job to Kill For (2006),Drama|Thriller,920
A Journey Through Fairyland (1985),Animation|Family|Fantasy,921
A Journey to the Beginning of Time (1955),Adventure|Animation|Family,922
A Justified Life: Sam Peckinpah and the High Country (2006),Documentary|Short,923
A Kid for Two Farthings (1955),Comedy|Drama|Family,924
A Kid in Aladdin's Palace (1997),Adventure|Family,925
A Kid in King Arthur's Court (1995),Adventure|Comedy|Family,926
A Killer Among Friends (1992),Drama,927
A Killer Among Us (2012),Crime|Thriller,928
A Kind of Loving (1962),Drama|Romance,929
A Kind of Magic (2015),Comedy|Fantasy|Romance,930
A King in New York (1957),Comedy|Drama,931
A Kiss Before Dying (1956),Crime|Film-Noir|Mystery,932
A Kiss Before Dying (1991),Crime|Mystery|Thriller,933
A Kiss for Corliss (1949),Comedy,934
A Kiss in the Dark (1949),Comedy,935
A Knight in Camelot,Animation|Action|Adventure,936
A Knight's Tale,"A Knight's Tale William Thatcher, a peasant, is sent to apprentice with a Knight named Hector as a young boy. Urged by his father to ""change his Stars"", he assumes Sir Hector's place in a tournament when Hector dies in the middle of it. He wins. With the other apprentices, he trains and assumes the title of Sir Ulrich von Lichtenstein. He Will Rock You",937
A Knight's Tale (2001),Action|Adventure|Romance,938
"A la legi?_n le gustan las mujeres... y a las mujeres, les gusta la legi?_n (1976)",Comedy,939
A Lady of Chance (1928),Comedy|Drama|Romance,940
A Lady Takes a Chance (1943),Comedy|Romance|Western,941
A Lady Without Passport (1950),Crime|Drama|Film-Noir,942
A Lamp in the Dark: The Untold History of the Bible (2009),Documentary,943
A Late Quartet (2012),Drama|Music,944
A Lawless Street (1955),Western,945
A League of Ordinary Gentlemen (2004),Documentary|Sport,946
A League of Their Own,"A League of Their Own Small-town sisters Dottie and Kit join an all-female baseball league formed after World War II brings pro baseball to a standstill. When their team hits the road with its drunken coach, the siblings find troubles and triumphs on and off the field. To achieve the incredible, you have to attempt the impossible.",947
A League of Their Own (1992),Comedy|Drama|Family,948
A LEGO Brickumentary,A LEGO Brickumentary A look at the global culture and appeal of the LEGO building-block toys. ,949
A Lego Brickumentary (2014),Documentary,950
A Lesson Before Dying (1999),Drama,951
A Lesson in Love (1954),Comedy|Drama|Romance,952
A Lesson in Romance (2014),Family,953
A Letter from Death Row (1998),Crime|Drama|Mystery,954
A Letter to Elia (2010),Documentary,955
A Letter to Three Wives (1949),Drama|Romance,956
A Letter to Uncle Boonmee (2009),Short,957
A l??gy (1980),Animation|Short|Comedy,958
A Liar's Autobiography: The Untrue Story of Monty Python's Graham Chapman (2012),Animation|Comedy,959
A Life Among Whales (2005),Documentary,960
A Life Apart: Hasidism in America (1997),Documentary,961
A Life Less Ordinary (1997),Comedy|Crime|Fantasy,962
A Little Bit of Heaven (2011),Comedy|Drama|Fantasy,963
A Little Bit of Soul (1998),Comedy,964
A Little Bit Zombie (2012),Comedy|Horror|Sci-Fi,965
A Little Chaos (2014),Drama|Romance,966
A Little Game (2014),Adventure|Family,967
A Little Help (2010),Comedy|Drama|Romance,968
A Little Night Music (1977),Comedy|Musical|Romance,969
A Little Princess (1995),Drama|Family|Fantasy,970
A Little Romance (1979),Adventure|Comedy|Romance,971
A Little Stiff (1991),Comedy,972
A Little Trip to Heaven (2005),Drama|Thriller,973
A Little Trip to Heaven (2005),Drama|Thriller,974
A Lizard in a Woman's Skin (1971),Mystery|Thriller,975
A londoni f??rfi (2007),Crime|Drama|Mystery,976
A Lonely Place to Die,"A Lonely Place to Die A group of five mountaineers are hiking and climbing in the Scottish Highlands when they discover a young Serbian girl buried in a small chamber in the wilderness. They become caught up in a terrifying game of cat and mouse with the kidnappers as they try to get the girl to safety. Out here, there's nowhere to hide.",977
A Lonely Place to Die (2011),Adventure|Crime|Thriller,978
A Long Ride from Hell (1968),Western,979
A Long Way Down (2014),Comedy|Drama,980
A Lot Like Love,"A Lot Like Love On a flight from Los Angeles to New York, Oliver and Emily make a connection, only to decide that they are poorly suited to be together. Over the next seven years, however, they are reunited time and time again, they go from being acquaintances to close friends to ... lovers? There's nothing better than a great romance... to ruin a perfectly good friendship.",981
A Lot Like Love (2005),Comedy|Drama|Romance,982
A Lot Like You (2012),Documentary|Biography|Drama,983
A lovas?_j??sz (2016),Documentary|Adventure,984
A Love Song for Bobby Long (2004),Drama,985
A Low Down Dirty Shame,"A Low Down Dirty Shame A black detective becomes embroiled in a web of danger while searching for a fortune in missing drug money. During the course of his investigation, he encounters various old connections, ultimately confronting the criminal responsible for Shame's expulsion from the force. He must also deal with two women, Angela, a beautiful old flame, and Peaches, his energetic but annoying sidekick. He's armed and dangerously funny.",986
A Low Down Dirty Shame (1994),Action|Comedy|Crime,987
A Madea Christmas,A Madea Christmas Madea dispenses her unique form of holiday spirit on rural town when she's coaxed into helping a friend pay her daughter a surprise visit in the country for Christmas. This Little Fool Thinks She's Getting A Damn Pony,988
A Madea Christmas (2011),Comedy,989
A Madea Christmas (2013),Comedy|Drama,990
A Majority of One (1961),Comedy|Family|Drama,991
A Man and a Woman (1966),Drama|Romance,992
A Man and a Woman: 20 Years Later (1986),Drama|Romance,993
A Man Apart,"A Man Apart When Vetter's wife is killed in a botched hit organized by Diablo, he seeks revenge against those responsible. But in the process, Vetter and Hicks have to fight their way up the chain to get to Diablo but it's easier said than done when all Vetter can focus on is revenge. Love changes a man. Revenge tears him apart.",994
A Man Apart (2003),Action|Crime|Drama,995
A Man Called Adam (1966),Drama|Music,996
A Man Called Gannon (1968),Romance|Western,997
A Man Called Hero (1999),Action|Adventure|Drama,998
A Man Called Horse (1970),Adventure|Drama|Western,999
A Man Called Magnum (1977),Action|Crime,1000
A Man Called Peter (1955),Biography|Drama|Family,1001
A Man Called Sarge (1990),Comedy|War,1002
A Man Called Sledge (1970),Western,1003
A Man Could Get Killed (1966),Comedy|Thriller,1004
A Man for All Seasons,A Man for All Seasons A Man for All Seasons is the filmed version of the life of Thomas More. An English man comes to Sir Thomas More to ask if he can divorce his wife since King Henry VIII has made it illegal. Sir Thomas More stands up in opposition to the King even though he knows heƒ??s risking his own life. An award winning film from 1966. ...a motion picture for all times!,1005
A Man for All Seasons (1966),Biography|Drama|History,1006
A Man Named Pearl (2006),Documentary,1007
A Man Named Rocca (1961),Drama,1008
A Man of No Importance (1994),Comedy|Drama,1009
"A Man, a Woman and a Bank (1979)",Comedy|Crime,1010
A Man's Job (2007),Drama,1011
A Map for Saturday (2007),Documentary,1012
A Map of the World (1999),Drama,1013
A Marine Story (2010),Crime|Drama|Romance,1014
A Married Couple (1969),Documentary,1015
A Matador's Mistress (2008),Biography|Drama|Romance,1016
A Matter of Faith (2014),Drama,1017
A Matter of Loaf and Death (2008),Animation|Short|Comedy,1018
A Matter of Size (2009),Comedy|Drama|Romance,1019
A Matter of Taste (2000),Crime|Thriller|Drama,1020
A Merry War (1997),Comedy|Drama|Romance,1021
A Message to Garcia (1936),Drama|Romance,1022
A mi madre le gustan las mujeres (2002),Comedy|Drama,1023
A m?_ las mujeres ni fu ni fa (1971),Comedy|Musical,1024
A Midnight Clear (1992),Drama|War,1025
A Midsummer Night's Dream (1935),Comedy|Fantasy|Romance,1026
A Midsummer Night's Dream (1968),Comedy|Fantasy|Romance,1027
A Midsummer Night's Dream (1999),Comedy|Fantasy|Romance,1028
A Midsummer Night's Dream (2016),Comedy|Fantasy|Romance,1029
A Midsummer Night's Sex Comedy (1982),Comedy,1030
A Midwinter's Tale (1995),Comedy,1031
A Mighty Heart,"A Mighty Heart Based on Mariane Pearl's account of the terrifying and unforgettable story of her husband, Wall Street Journal reporter Danny Pearl's life and death. One woman dared to keep hope alive",1032
A Mighty Heart (2007),Biography|Drama|History,1033
A Mighty Wind,"A Mighty Wind In ""A Mighty Wind"", director Christopher Guest reunites the team from ""Best In Show"" and ""Waiting for Guffman"" to tell tell the story of 60's-era folk musicians, who inspired by the death of their former manager, get back on the stage for one concert in New York City's Town Hall. Back together for the first time, again.",1034
A Mighty Wind (2003),Comedy|Music,1035
A Million to Juan (1994),Comedy,1036
A Million Ways to Die in the West,"A Million Ways to Die in the West As a cowardly farmer begins to fall for the mysterious new woman in town, he must put his new-found courage to the test when her husband, a notorious gun-slinger, announces his arrival. Bring protection.",1037
A Million Ways to Die in the West (2014),Comedy|Romance|Western,1038
A Millionaire for Christy (1951),Comedy|Romance,1039
A Misteriosa Morte de P??rola (2014),Fantasy|Mystery|Thriller,1040
A Modern Affair (1995),Comedy|Drama|Romance,1041
A Moment to Remember (2004),Drama|Romance,1042
A Monkey in Winter (1962),Comedy|Drama,1043
A Monster Calls (2016),Drama|Fantasy,1044
A Monster in Paris,"Un monstre ?ÿ Paris Paris,1910. Emile, a shy movie projectionist, and Raoul, a colorful inventor, find themselves embarked on the hunt for a monster terrorizing citizens. They join forces with Lucille, the big-hearted star of the Bird of Paradise cabaret, an eccentric scientist and his irascible monkey to save the monster, who turns out to be an oversized but harmless flea, from the city's ruthlessly ambitious police chief. ",1045
A Monster in Paris (2011),Animation|Adventure|Comedy,1046
A Month by the Lake (1995),Comedy|Drama|Romance,1047
A Month in the Country (1987),Drama,1048
A Month of Sundays (2015),Comedy|Drama,1049
A More Perfect Union: America Becomes a Nation (1989),Drama|History,1050
A Most Violent Year,"A Most Violent Year A thriller set in New York City during the winter of 1981, statistically one of the most violent years in the city's history, and centered on a the lives of an immigrant and his family trying to expand their business and capitalize on opportunities as the rampant violence, decay, and corruption of the day drag them in and threaten to destroy all they have built. The result is never in question. Just the path you take to get there.",1051
A Most Violent Year (2014),Action|Crime|Drama,1052
A Most Wanted Man,"A Most Wanted Man When a half-Chechen, half-Russian, tortured half-to-death immigrant turns up in Hamburg's Islamic community, laying claim to his father's ill gotten fortune, both German and US security agencies take a close interest: as the clock ticks down and the stakes rise, the race is on to establish this most wanted man's true identity - oppressed victim or destruction-bent extremist? ",1053
A Most Wanted Man (2014),Crime|Drama|Thriller,1054
A Mother's Courage: Talking Back to Autism (2009),Documentary,1055
A Mother's Nightmare (2012),Crime|Mystery|Thriller,1056
A Mother's Rage (2013),Drama|Mystery|Thriller,1057
A Movie (1958),Short,1058
A Mulher Invis?_vel (2009),Comedy,1059
A Muppet Family Christmas (1987),Comedy|Family|Music,1060
A Muppets Christmas: Letters to Santa (2008),Comedy|Family|Music,1061
A Murder in the Park (2014),Documentary|Crime|History,1062
A Murder of Crows (1998),Action|Crime|Thriller,1063
A nagy f?_zet (2013),Drama|War,1064
A Name for Evil (1973),Drama|Horror,1065
A Nanny for Christmas (2010),Comedy,1066
A Nanny's Revenge (2012),Crime|Mystery|Thriller,1067
A Necessary Death (2008),Drama|Thriller,1068
A New Kind of Love (1963),Comedy|Romance,1069
A New Leaf (1971),Comedy|Romance,1070
A New Wave (2006),Action|Crime,1071
A Night at the Opera (1935),Comedy|Music|Musical,1072
A Night at the Roxbury,"A Night at the Roxbury Despite being well into adulthood, brothers Doug and Steve Butabi still live at home and work in the flower shop owned by their dad. They exist only to hit on women at discos, though they're routinely unsuccessful until a chance run-in with Richard Grieco gets them inside the swank Roxbury club. Mistaken for high rollers, they meet their dream women, Vivica and Cambi, and resolve to open a club of their own. Score!",1073
A Night at the Roxbury (1998),Comedy|Music|Romance,1074
A Night in Casablanca (1946),Comedy,1075
A Night in Heaven (1983),Drama|Romance,1076
A Night in Old Mexico (2013),Adventure|Drama,1077
A Night in the Life of Jimmy Reardon (1988),Comedy|Drama|Romance,1078
A Night in the Show (1915),Comedy|Short,1079
A Night in the Woods (2011),Horror|Mystery,1080
A Night Out (1915),Comedy|Short,1081
A Night to Remember (1942),Comedy|Mystery|Romance,1082
A Night to Remember (1958),Action|Biography|Drama,1083
A Nightingale Falling (2014),Drama|History|War,1084
A Nightmare in Las Cruces (2011),Documentary,1085
A Nightmare on Elm Street,"A Nightmare on Elm Street Teenagers in a small town are dropping like flies, apparently in the grip of mass hysteria causing their suicides. A cop's daughter, Nancy Thompson (Heather Langenkamp) traces the cause to child molester Fred Krueger (Robert Englund), who was burned alive by angry parents many years before. Krueger has now come back in the dreams of his killers' children, claiming their lives as his revenge. Nancy and her boyfriend, Glen (Johnny Depp), must devise a plan to lure the monster out of the realm of nightmares and into the real world... If Nancy Doesn't Wake Up Screaming, She Won't Wake Up At All!",1086
A Nightmare on Elm Street (1984),Horror,1087
A Nightmare on Elm Street (2010),Horror|Mystery|Thriller,1088
A Nightmare on Elm Street 2: Freddy's Revenge (1985),Horror|Thriller,1089
A Nightmare on Elm Street 3: Dream Warriors,"A Nightmare on Elm Street 3: Dream Warriors It's been many years since Freddy Krueger's first victim, Nancy, came face-to-face with Freddy and his sadistic, evil ways. Now, Nancy's all grown up; she's put her frightening nightmares behind her and is helping teens cope with their dreams. Too bad Freddy's decided to herald his return by invading the kids' dreams and scaring them into committing suicide. If you think you're ready for Freddy, think again!",1090
A Nightmare on Elm Street 3: Dream Warriors (1987),Action|Fantasy|Horror,1091
A Nightmare on Elm Street 4: The Dream Master,"A Nightmare on Elm Street 4: The Dream Master Dream demon Freddy Krueger is resurrected from his apparent demise, and rapidly tracks down and kills the remainder of the Elm Street kids. However, Kristen, who can draw others into her dreams, wills her special ability to her friend Alice. Alice soon realizes that Freddy is taking advantage of that unknown power to pull a new group of children into his foul domain. Terror beyond your wildest dreams.",1092
A Nightmare on Elm Street 4: The Dream Master (1988),Horror|Thriller,1093
A Nightmare on Elm Street 5: The Dream Child,"A Nightmare on Elm Street 5: The Dream Child Alice, having survived the previous installment of the Nightmare series, finds the deadly dreams of Freddy Krueger starting once again. This time, the taunting murderer is striking through the sleeping mind of Alice's unborn child. His intention is to be ""born again"" into the real world. The only one who can stop Freddy is his dead mother, but can Alice free her spirit in time to save her own son? Now Freddyƒ??s a daddy, heƒ??s killing for two.",1094
A Nightmare on Elm Street 5: The Dream Child (1989),Fantasy|Horror|Romance,1095
A Nightmare on Elm Street Part 2: Freddy's Revenge,"A Nightmare on Elm Street Part 2: Freddy's Revenge A new family moves into the house on Elm Street, and before long, the kids are again having nightmares about deceased child murderer Freddy Krueger. This time, Freddy attempts to possess a teenage boy to cause havoc in the real world, and can only be overcome if the boy's sweetheart can master her fear. Someone is coming back to Elm Street!",1096
A Note of Triumph: The Golden Age of Norman Corwin (2005),Documentary|Short|Biography,1097
A Novel Romance (2015),Comedy|Family|Romance,1098
A Nymphoid Barbarian in Dinosaur Hell (1990),Fantasy|Horror|Sci-Fi,1099
A Paralyzing Fear: The Story of Polio in America (1998),Documentary,1100
A Passage to India,"A Passage to India The film is set during the period of growing influence of the Indian independence movement in the British Raj. It begins with the arrival in India of a British woman, Miss Adela Quested (Judy Davis), who is joining her fianc??, a city magistrate named Ronny Heaslop (Nigel Havers). She and Ronny's mother, Mrs. Moore (Peggy Ashcroft), befriend an Indian doctor, Aziz H. Ahmed (Victor Banerjee). David Lean, the Director of ""Doctor Zhivago"", ""Lawrence of Arabia"" and ""The Bridge on the River Kwai"", invites you on . .",1101
A Passage to India (1984),Adventure|Drama|History,1102
A Patch of Blue (1965),Drama|Romance,1103
A Perfect Candidate (1996),Documentary,1104
A Perfect Christmas List (2014),Comedy|Drama|Family,1105
A Perfect Couple (1979),Comedy|Musical|Romance,1106
A Perfect Day (2015),Comedy|Drama|War,1107
A Perfect Ending (2012),Drama|Romance,1108
A Perfect Fake (2005),Documentary,1109
A Perfect Getaway,"A Perfect Getaway For their honeymoon, newlyweds Cliff and Cydney head to the tropical islands of Hawaii. While journeying through the paradisaical countryside the couple encounters Kale and Cleo, two disgruntled hitchhikers and Nick and Gina, two wild but well-meaning spirits who help guide them through the lush jungles. The picturesque waterfalls and scenic mountainsides quickly give way to terror when Cliff and Cydney learn of a grisly murder that occurred nearby and realize that they're being followed by chance acquaintances that suspiciously fit the description of the killers. Welcome to paradise. Enter at your own risk.",1110
A Perfect Getaway (2009),Adventure|Mystery|Thriller,1111
A Perfect Man (2013),Drama|Romance,1112
A Perfect Murder (1998),Crime|Drama|Thriller,1113
A Perfect Wedding (2015),Comedy|Drama|Romance,1114
A Perfect World (1993),Crime|Drama|Thriller,1115
A Performance of Macbeth (1979),Drama,1116
A Personal Journey with Martin Scorsese Through American Movies (1995),Documentary,1117
A Phantasy (1952),Animation|Short,1118
A Piece of the Action (1977),Crime|Comedy,1119
A Pig's Tale (1994),Adventure|Comedy|Drama,1120
A Pistol for Ringo (1965),Action|Drama|Western,1121
A Place at the Table (2012),Documentary,1122
A Place Called Chiapas (1998),Documentary,1123
A Place Called Today (1972),Drama,1124
A Place in the Sun (1951),Drama|Romance,1125
A Place of One's Own (1945),Drama|Mystery|Thriller,1126
A Plumm Summer (2007),Adventure|Family,1127
A Poem Is a Naked Person (1974),Documentary|Music,1128
A Prairie Home Companion,"A Prairie Home Companion A look at what goes on backstage during the last broadcast of America's most celebrated radio show, where singing cowboys Dusty and Lefty, a country music siren, and a host of others hold court Radio Like You've Never Seen It Before",1129
A Prairie Home Companion (2006),Comedy|Drama|Music,1130
A Prayer for the Dying (1987),Action|Crime|Drama,1131
A Price Above Rubies (1998),Drama|Romance,1132
A Princess for Christmas (2011),Comedy|Drama|Family,1133
A Private Function (1984),Comedy,1134
A Promise (2013),Drama|Romance,1135
A Prophet (2009),Crime|Drama,1136
A Pure Formality (1994),Crime|Drama|Thriller,1137
A Pyromaniac's Love Story (1995),Comedy|Romance,1138
A Question of Silence (1982),Drama,1139
A Quiet Passion (2016),Biography|Drama,1140
A Quiet Place to Kill (1970),Drama|Thriller,1141
A Rage in Harlem (1991),Comedy|Crime,1142
A Raisin in the Sun (1961),Drama,1143
A Raisin in the Sun (2008),Drama,1144
"A Reason to Live, a Reason to Die (1972)",Western,1145
A Reflection of Fear (1972),Crime|Drama|Horror,1146
A Report on the Party and the Guests (1966),Comedy|Drama,1147
A Resurrection (2013),Horror|Thriller,1148
A Return to Salem's Lot (1987),Comedy|Horror|Thriller,1149
A Reunion (2014),Comedy|Drama|Romance,1150
A Ring of Endless Light (2002),Drama|Family|Romance,1151
A River Called Titas (1973),Drama|Family,1152
A River Runs Through It (1992),Drama,1153
A Room for Romeo Brass,"A Room for Romeo Brass Two twelve-year-old boys, Romeo and Gavin, undergo an extraordinary test of character and friendship when Morell, a naive but eccentric and dangerous stranger, comes between them. Morell befriends with the two boys and later asks them to help him pursue Romeo's beautiful elder sister. He gradually becomes more violent after she rejects him. ",1154
A Room for Romeo Brass (1999),Comedy|Drama,1155
A Room in Town (1982),Drama|Musical,1156
A Room with a View,"A Room with a View When Lucy Honeychurch and chaperon Charlotte Bartlett find themselves in Florence with rooms without views, fellow guests Mr Emerson and son George step in to remedy the situation. Meeting the Emersons could change Lucy's life forever but, once back in England, how will her experiences in Tuscany affect her marriage plans? ",1157
A Room with a View (1985),Drama|Romance,1158
A Royal Affair (2012),Biography|Drama|History,1159
A Royal Christmas (2014),Comedy|Family|Romance,1160
A Royal Night Out (2015),Comedy|Drama|Romance,1161
A Royal Scandal (1945),Comedy|Drama|History,1162
A Rumor of Angels (2000),Drama,1163
A Rumor of War,Biography|Drama|War,1164
